,,,,,,,,Tackles,Tackles,Tackles,Tackles,Tackles,Vs Dribbles,Vs Dribbles,Vs Dribbles,Vs Dribbles,Pressures,Pressures,Pressures,Pressures,Pressures,Pressures,Blocks,Blocks,Blocks,Blocks,,,,,
Rk,Player,Nation,Pos,Squad,Age,Born,90s,Tkl,TklW,Def 3rd Tackles,Mid 3rd Tackles,Att 3rd Tackels,Tkl Vs Dribbles,Att Vs Dribbles,Tkl% Vs Dribbles,Past Vs Dribble,Press Pressures,Succ Pressures,% Pressures,Def 3rd Pressures,Mid 3rd Pressures,Att 3rd Pressures,Blocks,Sh Blocks,ShSv Blocks,Pass Blocks,Int,Tkl+Int,Clr,Err,Matches
1,Patrick van Aanholt\Patrick-van-Aanholt,nl NED,DF,Crystal Palace,30-257,1990,19.7,32,19,20,11,1,14,41,34.1,27,205,68,33.2,129,56,20,31,7,1,24,34,66,40,1,Matches
2,Tammy Abraham\Tammy-Abraham,eng ENG,FW,Chelsea,23-223,1997,11.6,8,4,3,4,1,1,6,16.7,5,162,38,23.5,13,71,78,9,2,0,7,2,10,17,0,Matches
3,Che Adams\Che-Adams,sco SCO,FW,Southampton,24-304,1996,28.1,29,16,5,13,11,6,22,27.3,16,400,132,33.0,48,152,200,25,4,0,21,10,39,16,1,Matches
4,Tosin Adarabioyo\Tosin-Adarabioyo,eng ENG,DF,Fulham,23-231,1997,29.8,38,23,29,8,1,17,33,51.5,16,165,53,32.1,109,49,7,35,20,0,15,50,88,220,1,Matches
5,Adrián\Adrian,es ESP,GK,Liverpool,34-130,1987,3.0,0,0,0,0,0,0,0,,0,1,0,0.0,1,0,0,0,0,0,0,0,0,0,1,Matches
6,Sergio Agüero\Sergio-Aguero,ar ARG,FWMF,Manchester City,32-345,1988,5.9,3,0,0,1,2,2,10,20.0,8,89,24,27.0,8,30,51,5,1,0,4,4,7,1,0,Matches
7,Ola Aina\Ola-Aina,ng NGA,DF,Fulham,24-217,1996,28.9,47,25,27,14,6,17,40,42.5,23,249,61,24.5,137,90,22,45,7,0,38,51,98,121,0,Matches
8,Rayan Aït Nouri\Rayan-Ait-Nouri,fr FRA,DF,Wolves,19-341,2001,13.7,29,15,16,12,1,11,23,47.8,12,194,62,32.0,110,60,24,23,0,0,23,12,41,34,0,Matches
9,Semi Ajayi\Semi-Ajayi,ng NGA,DF,West Brom,27-185,1993,27.9,57,41,43,12,2,18,33,54.5,15,317,125,39.4,208,93,16,53,31,3,22,35,92,131,2,Matches
10,Nathan Aké\Nathan-Ake,nl NED,DF,Manchester City,26-084,1995,7.9,11,5,5,4,2,4,5,80.0,1,61,22,36.1,26,27,8,4,2,0,2,5,16,25,0,Matches
11,Marc Albrighton\Marc-Albrighton,eng ENG,DFFW,Leicester City,31-176,1989,17.8,39,29,14,16,9,18,51,35.3,33,313,121,38.7,103,129,81,27,2,1,25,27,66,24,0,Matches
12,Thiago Alcántara\Thiago-Alcantara,es ESP,MF,Liverpool,30-032,1991,16.6,50,32,20,22,8,15,40,37.5,25,353,107,30.3,93,181,79,23,0,0,23,27,77,15,0,Matches
13,Toby Alderweireld\Toby-Alderweireld,be BEL,DF,Tottenham,32-072,1989,21.9,34,16,20,14,0,13,24,54.2,11,183,65,35.5,113,67,3,43,26,1,17,10,44,149,0,Matches
14,Rúnar Alex Rúnarsson\Runar-Alex-Runarsson,is ISL,GK,Arsenal,26-084,1995,0.2,0,0,0,0,0,0,0,,0,0,0,,0,0,0,0,0,0,0,0,0,0,0,Matches
15,Trent Alexander-Arnold\Trent-Alexander-Arnold,eng ENG,DF,Liverpool,22-218,1998,29.7,54,34,27,21,6,31,54,57.4,23,278,102,36.7,104,101,73,40,3,0,37,35,89,60,1,Matches
16,Ezgjan Alioski\Ezgjan-Alioski,mk MKD,DF,Leeds United,29-090,1992,24.3,70,35,32,30,8,26,71,36.6,45,478,132,27.6,211,200,67,41,6,0,35,31,101,55,0,Matches
17,Alisson\Alisson,br BRA,GK,Liverpool,28-223,1992,29.0,0,0,0,0,0,0,1,0.0,1,5,1,20.0,5,0,0,0,0,0,0,0,0,1,6,Matches
18,Allan\Allan,br BRA,MF,Everton,30-125,1991,18.8,62,43,31,29,2,21,72,29.2,51,515,157,30.5,231,256,28,32,11,0,21,20,82,25,0,Matches
19,Dele Alli\Dele-Alli,eng ENG,MF,Tottenham,25-032,1996,4.2,7,5,4,2,1,2,7,28.6,5,124,29,23.4,21,49,54,6,1,0,5,8,15,3,0,Matches
20,Miguel Almirón\Miguel-Almiron,py PAR,MFFW,Newcastle Utd,27-092,1994,24.1,47,28,21,23,3,15,50,30.0,35,451,104,23.1,152,186,113,35,5,2,30,24,71,23,1,Matches
21,Marcos Alonso\Marcos-Alonso,es ESP,DF,Chelsea,30-136,1990,10.7,13,8,5,5,3,3,17,17.6,14,140,41,29.3,61,49,30,22,1,0,21,11,24,37,0,Matches
22,Steven Alzate\Steven-Alzate,co COL,MFDF,Brighton,22-247,1998,8.2,17,13,11,3,3,2,6,33.3,4,125,48,38.4,36,57,32,15,1,0,14,5,22,9,1,Matches
23,Daniel Amartey\Daniel-Amartey,gh GHA,DF,Leicester City,26-143,1994,8.0,12,6,7,3,2,7,12,58.3,5,62,24,38.7,37,22,3,19,5,1,14,12,24,42,0,Matches
24,Ethan Ampadu\Ethan-Ampadu,wal WAL,DFMF,Sheffield Utd,20-241,2000,23.2,62,36,31,26,5,21,49,42.9,28,359,101,28.1,180,138,41,48,20,0,28,39,101,120,2,Matches
25,Joachim Andersen\Joachim-Andersen,dk DEN,DF,Fulham,24-347,1996,28.7,36,22,20,12,4,17,34,50.0,17,178,62,34.8,117,50,11,30,15,0,15,48,84,221,1,Matches
26,Elliot Anderson\Elliot-Anderson,sco SCO,MF,Newcastle Utd,18-188,2002,0.0,0,0,0,0,0,0,0,,0,3,1,33.3,0,3,0,0,0,0,0,0,0,0,0,Matches
27,Felipe Anderson\Felipe-Anderson,br BRA,FWMF,West Ham,28-028,1993,0.0,1,1,0,1,0,0,2,0.0,2,3,1,33.3,1,2,0,0,0,0,0,0,1,0,0,Matches
28,Michail Antonio\Michail-Antonio,eng ENG,FW,West Ham,31-046,1990,19.2,11,5,1,5,5,2,7,28.6,5,210,56,26.7,14,72,124,21,9,0,12,7,18,8,0,Matches
29,Alphonse Areola\Alphonse-Areola,fr FRA,GK,Fulham,28-075,1993,34.0,1,1,1,0,0,1,4,25.0,3,4,0,0.0,4,0,0,0,0,0,0,0,1,0,1,Matches
30,Stuart Armstrong\Stuart-Armstrong,sco SCO,MF,Southampton,29-044,1992,27.9,67,40,25,30,12,29,75,38.7,46,456,133,29.2,155,200,101,30,1,0,29,29,96,19,1,Matches
31,Kepa Arrizabalaga\Kepa-Arrizabalaga,es ESP,GK,Chelsea,26-222,1994,6.0,0,0,0,0,0,0,1,0.0,1,2,0,0.0,2,0,0,0,0,0,0,0,0,0,4,Matches
32,Pierre-Emerick Aubameyang\Pierre-Emerick-Aubameyang,ga GAB,FW,Arsenal,31-329,1989,24.0,17,5,8,7,2,4,20,20.0,16,320,78,24.4,55,130,135,26,2,0,24,6,23,14,0,Matches
33,Serge Aurier\Serge-Aurier,ci CIV,DF,Tottenham,28-140,1992,17.8,73,38,45,23,5,21,51,41.2,30,384,112,29.2,210,126,48,43,6,0,37,24,97,52,2,Matches
34,Charlie Austin\Charlie-Austin,eng ENG,FW,West Brom,31-312,1989,1.5,4,3,2,1,1,1,2,50.0,1,23,7,30.4,5,8,10,0,0,0,0,2,6,3,0,Matches
35,Jordan Ayew\Jordan-Ayew,gh GHA,FWMF,Crystal Palace,29-244,1991,22.2,50,32,7,28,15,14,43,32.6,29,644,154,23.9,131,333,180,28,2,0,26,25,75,10,0,Matches
36,Luke Ayling\Luke-Ayling,eng ENG,DF,Leeds United,29-261,1991,34.8,105,61,63,32,10,35,77,45.5,42,491,169,34.4,258,183,50,75,30,1,45,56,161,91,2,Matches
37,César Azpilicueta\Cesar-Azpilicueta,es ESP,DF,Chelsea,31-258,1989,22.4,48,28,22,20,6,19,31,61.3,12,315,92,29.2,142,127,46,33,7,0,26,35,83,93,1,Matches
38,Eric Bailly\Eric-Bailly,ci CIV,DF,Manchester Utd,27-031,1994,8.2,8,5,4,3,1,0,0,,0,45,16,35.6,21,23,1,15,14,0,1,17,25,44,0,Matches
39,Fabián Balbuena\Fabian-Balbuena,py PAR,DF,West Ham,29-263,1991,13.3,24,14,20,4,0,12,24,50.0,12,134,45,33.6,88,44,2,25,6,1,19,14,38,89,1,Matches
40,George Baldock\George-Baldock,eng ENG,DF,Sheffield Utd,28-065,1993,29.0,50,24,30,16,4,21,46,45.7,25,431,102,23.7,187,163,81,41,8,1,33,33,83,76,0,Matches
41,Gareth Bale\Gareth-Bale,wal WAL,FW,Tottenham,31-301,1989,8.8,14,9,4,6,4,4,12,33.3,8,111,33,29.7,25,48,38,15,2,0,13,9,23,17,0,Matches
42,Patrick Bamford\Patrick-Bamford,eng ENG,FW,Leeds United,27-250,1993,31.8,22,15,5,9,8,5,25,20.0,20,554,160,28.9,32,235,287,15,8,1,7,13,35,34,0,Matches
43,Phil Bardsley\Phil-Bardsley,sco SCO,DF,Burnley,35-319,1985,3.0,6,4,5,1,0,2,4,50.0,2,39,9,23.1,17,19,3,4,1,0,3,3,9,14,0,Matches
44,Ross Barkley\Ross-Barkley,eng ENG,MF,Chelsea,27-159,1993,0.5,0,0,0,0,0,0,0,,0,5,1,20.0,2,2,1,0,0,0,0,0,0,0,0,Matches
45,Ross Barkley\Ross-Barkley,eng ENG,MF,Aston Villa,27-159,1993,16.3,6,2,2,4,0,3,12,25.0,9,235,56,23.8,35,138,62,19,2,0,17,5,11,8,0,Matches
46,Ashley Barnes\Ashley-Barnes,eng ENG,FW,Burnley,31-195,1989,14.5,15,6,2,6,7,4,12,33.3,8,190,48,25.3,22,72,96,15,3,0,12,4,19,9,0,Matches
47,Harvey Barnes\Harvey-Barnes,eng ENG,FWMF,Leicester City,23-155,1997,21.6,22,14,9,6,7,4,19,21.1,15,227,69,30.4,61,91,75,24,4,0,20,16,38,13,0,Matches
48,Kyle Bartley\Kyle-Bartley,eng ENG,DF,West Brom,29-356,1991,25.7,24,16,14,9,1,8,28,28.6,20,212,72,34.0,123,79,10,63,31,1,32,24,48,187,2,Matches
49,Chris Basham\Chris-Basham,eng ENG,DFMF,Sheffield Utd,32-297,1988,25.6,72,45,45,21,6,36,65,55.4,29,350,105,30.0,186,119,45,45,13,5,32,39,111,101,1,Matches
50,Michy Batshuayi\Michy-Batshuayi,be BEL,FW,Crystal Palace,27-223,1993,8.1,3,3,1,2,0,2,9,22.2,7,109,21,19.3,8,54,47,10,1,0,9,2,5,5,1,Matches
51,Jan Bednarek\Jan-Bednarek,pl POL,DF,Southampton,25-031,1996,33.4,46,27,29,16,1,22,51,43.1,29,274,93,33.9,163,100,11,56,26,1,30,74,120,207,1,Matches
52,Donny van de Beek\Donny-van-de-Beek,nl NED,MFFW,Manchester Utd,24-025,1997,4.8,10,8,3,5,2,1,10,10.0,9,83,23,27.7,14,48,21,10,1,0,9,6,16,7,0,Matches
53,Héctor Bellerín\Hector-Bellerin,es ESP,DF,Arsenal,26-055,1995,23.2,34,18,18,13,3,12,41,29.3,29,224,63,28.1,87,100,37,50,9,0,41,13,47,41,0,Matches
54,Saïd Benrahma\Said-Benrahma,dz ALG,FWMF,West Ham,25-276,1995,14.1,27,18,8,14,5,7,25,28.0,18,257,64,24.9,75,128,54,11,0,0,11,11,38,8,0,Matches
55,Josh Benson\Josh-Benson,eng ENG,MF,Burnley,21-159,1999,2.9,8,5,5,1,2,4,8,50.0,4,36,12,33.3,15,17,4,3,1,0,2,1,9,2,0,Matches
56,Christian Benteke\Christian-Benteke,be BEL,FW,Crystal Palace,30-161,1990,18.3,13,9,1,5,7,0,7,0.0,7,215,51,23.7,16,117,82,17,6,1,11,4,17,34,0,Matches
57,Jóhann Berg Guðmundsson\Johann-Berg-Gudmundsson,is ISL,MF,Burnley,30-198,1990,12.9,16,11,5,7,4,9,20,45.0,11,143,41,28.7,41,62,40,18,2,0,16,13,29,10,0,Matches
58,Sander Berge\Sander-Berge,no NOR,MF,Sheffield Utd,23-088,1998,12.4,21,16,9,8,4,5,17,29.4,12,217,63,29.0,70,115,32,20,2,0,18,3,24,19,1,Matches
59,Steven Bergwijn\Steven-Bergwijn,nl NED,FWMF,Tottenham,23-217,1997,11.9,13,8,7,3,3,6,23,26.1,17,202,50,24.8,53,81,68,10,1,0,9,10,23,4,0,Matches
60,Bernard\Bernard,br BRA,FWMF,Everton,28-247,1992,4.6,5,4,1,2,2,3,12,25.0,9,65,15,23.1,22,27,16,8,0,0,8,6,11,3,0,Matches
61,Bernardo\Bernardo,br BRA,DFMF,Brighton,25-364,1995,2.3,8,5,6,1,1,4,6,66.7,2,34,13,38.2,15,9,10,6,0,0,6,0,8,3,0,Matches
62,Ryan Bertrand\Ryan-Bertrand,eng ENG,DF,Southampton,31-281,1989,28.9,71,43,29,36,6,28,48,58.3,20,317,123,38.8,121,146,50,47,5,0,42,31,102,56,1,Matches
63,Yves Bissouma\Yves-Bissouma,ml MLI,MF,Brighton,24-256,1996,31.6,103,66,54,41,8,25,64,39.1,39,494,173,35.0,212,233,49,53,7,0,46,53,156,60,0,Matches
64,Jayden Bogle\Jayden-Bogle,eng ENG,DF,Sheffield Utd,20-290,2000,11.3,34,16,19,14,1,19,33,57.6,14,218,61,28.0,100,74,44,25,4,0,21,18,52,21,0,Matches
65,Willy Boly\Willy-Boly,ci CIV,DF,Wolves,30-099,1991,19.0,38,23,32,6,0,12,26,46.2,14,146,52,35.6,103,40,3,26,13,0,13,17,55,99,0,Matches
66,Jarrod Bowen\Jarrod-Bowen,eng ENG,FWMF,West Ham,24-144,1996,26.6,20,12,10,7,3,5,28,17.9,23,310,83,26.8,78,120,112,34,1,0,33,20,40,4,0,Matches
67,Robbie Brady\Robbie-Brady,ie IRL,MF,Burnley,29-119,1992,11.7,22,12,12,3,7,9,31,29.0,22,181,41,22.7,62,75,44,25,2,0,23,9,31,24,1,Matches
68,Rhian Brewster\Rhian-Brewster,eng ENG,FW,Sheffield Utd,21-042,2000,12.1,13,7,1,7,5,0,12,0.0,12,229,59,25.8,12,113,104,15,3,0,12,6,19,3,0,Matches
69,Nathan Broadhead\Nathan-Broadhead,wal WAL,MF,Everton,23-038,1998,0.0,1,0,0,1,0,0,0,,0,1,0,0.0,0,1,0,0,0,0,0,0,1,0,0,Matches
70,Josh Brownhill\Josh-Brownhill,eng ENG,MF,Burnley,25-145,1995,28.8,47,25,11,29,7,9,40,22.5,31,457,114,24.9,101,248,108,58,12,1,46,50,97,53,0,Matches
71,Joe Bryan\Joe-Bryan,eng ENG,DFFW,Fulham,27-238,1993,5.3,13,8,6,5,2,4,11,36.4,7,67,21,31.3,30,23,14,15,1,0,14,9,22,19,0,Matches
72,Kean Bryan\Kean-Bryan,eng ENG,DF,Sheffield Utd,24-193,1996,11.2,24,15,13,10,1,9,15,60.0,6,150,44,29.3,81,58,11,26,11,0,15,28,52,70,3,Matches
73,Oliver Burke\Oliver-Burke,sco SCO,FW,Sheffield Utd,24-036,1997,14.1,18,10,6,9,3,5,28,17.9,23,415,76,18.3,35,188,192,21,0,0,21,2,20,4,0,Matches
74,Dan Burn\Dan-Burn,eng ENG,DF,Brighton,29-004,1992,19.9,40,16,25,12,3,17,47,36.2,30,271,89,32.8,126,101,44,35,5,0,30,29,69,79,0,Matches
75,David Button\David-Button,eng ENG,GK,West Brom,32-075,1989,1.0,0,0,0,0,0,0,0,,0,0,0,,0,0,0,0,0,0,0,0,0,0,0,Matches
76,Oskar Buur\Oskar-Buur,dk DEN,DF,Wolves,23-043,1998,0.2,0,0,0,0,0,0,1,0.0,1,5,0,0.0,3,0,2,0,0,0,0,0,0,0,0,Matches
77,Willy Caballero\Willy-Caballero,ar ARG,GK,Chelsea,39-227,1981,1.0,0,0,0,0,0,0,0,,0,0,0,,0,0,0,0,0,0,0,0,0,0,0,Matches
78,Gary Cahill\Gary-Cahill,eng ENG,DF,Crystal Palace,35-145,1985,17.0,12,7,10,2,0,3,9,33.3,6,84,24,28.6,56,21,7,36,23,0,13,15,27,107,1,Matches
79,Tom Cairney\Tom-Cairney,sco SCO,MF,Fulham,30-113,1991,8.4,5,4,1,2,2,0,3,0.0,3,65,21,32.3,18,32,15,6,0,0,6,1,6,3,0,Matches
80,Dominic Calvert-Lewin\Dominic-Calvert-Lewin,eng ENG,FW,Everton,24-058,1997,27.9,16,11,0,7,9,2,11,18.2,9,293,88,30.0,22,125,146,31,8,0,23,5,21,28,0,Matches
81,João Cancelo\Joao-Cancelo,pt POR,DF,Manchester City,26-351,1994,24.6,74,41,41,25,8,40,84,47.6,44,313,109,34.8,130,120,63,35,3,0,32,50,124,36,1,Matches
82,Ian Carlo Poveda\Ian-Carlo-Poveda,eng ENG,MFDF,Leeds United,21-093,2000,3.8,9,7,6,1,2,6,12,50.0,6,73,20,27.4,25,28,20,4,1,0,3,2,11,0,0,Matches
83,Andy Carroll\Andy-Carroll,eng ENG,FW,Newcastle Utd,32-127,1989,4.3,2,1,1,0,1,0,5,0.0,5,57,14,24.6,7,28,22,2,0,0,2,1,3,10,0,Matches
84,Fabio Carvalho\Fabio-Carvalho,eng ENG,MF,Fulham,18-256,2002,0.1,0,0,0,0,0,0,0,,0,3,1,33.3,0,0,3,0,0,0,0,0,0,0,0,Matches
85,Matty Cash\Matty-Cash,eng ENG,DF,Aston Villa,23-279,1997,25.9,78,44,41,29,8,34,76,44.7,42,439,125,28.5,228,167,44,77,15,0,62,47,125,109,2,Matches
86,Kiko Casilla\Kiko-Casilla,es ESP,GK,Leeds United,34-223,1986,1.0,0,0,0,0,0,0,0,,0,0,0,,0,0,0,0,0,0,0,0,0,0,0,Matches
87,Timothy Castagne\Timothy-Castagne,be BEL,DF,Leicester City,25-159,1995,24.1,58,33,30,22,6,19,43,44.2,24,324,92,28.4,128,121,75,46,3,0,43,20,78,58,1,Matches
88,Jonny Castro\Jonny-Castro,es ESP,DF,Wolves,27-071,1994,5.5,9,6,5,2,2,5,18,27.8,13,99,25,25.3,37,43,19,10,3,0,7,7,16,8,0,Matches
89,Ivan Cavaleiro\Ivan-Cavaleiro,pt POR,FWMF,Fulham,27-207,1993,24.5,26,19,13,8,5,4,19,21.1,15,381,114,29.9,77,156,148,35,1,0,34,15,41,19,1,Matches
90,Edinson Cavani\Edinson-Cavani,uy URU,FW,Manchester Utd,34-088,1987,13.3,9,5,0,4,5,3,11,27.3,8,180,49,27.2,13,63,104,5,1,0,4,7,16,10,0,Matches
91,Dani Ceballos\Dani-Ceballos,es ESP,MF,Arsenal,24-279,1996,17.9,40,33,19,12,9,13,49,26.5,36,282,75,26.6,121,101,60,29,7,1,22,24,64,21,0,Matches
92,Calum Chambers\Calum-Chambers,eng ENG,DF,Arsenal,26-113,1995,6.4,4,1,2,2,0,2,7,28.6,5,68,20,29.4,35,21,12,13,2,0,11,9,13,37,0,Matches
93,Ben Chilwell\Ben-Chilwell,eng ENG,DF,Chelsea,24-143,1996,23.4,44,28,17,20,7,15,36,41.7,21,295,100,33.9,118,123,54,62,3,0,59,25,69,54,0,Matches
94,Hamza Choudhury\Hamza-Choudhury,eng ENG,MF,Leicester City,23-224,1997,3.5,11,7,5,6,0,2,10,20.0,8,53,18,34.0,18,31,4,9,2,0,7,5,16,6,1,Matches
95,Andreas Christensen\Andreas-Christensen,dk DEN,DF,Chelsea,25-033,1996,15.2,20,12,14,4,2,5,11,45.5,6,104,38,36.5,57,38,9,26,15,0,11,26,46,80,1,Matches
96,Ciaran Clark\Ciaran-Clark,ie IRL,DF,Newcastle Utd,31-229,1989,21.0,27,14,18,7,2,3,10,30.0,7,156,49,31.4,102,42,12,45,20,0,25,26,53,134,3,Matches
97,Nathaniel Clyne\Nathaniel-Clyne,eng ENG,DF,Crystal Palace,30-038,1991,12.7,21,9,14,7,0,9,16,56.3,7,117,31,26.5,73,29,15,25,2,0,23,13,34,32,0,Matches
98,Conor Coady\Conor-Coady,eng ENG,DF,Wolves,28-077,1993,33.7,28,20,20,8,0,13,34,38.2,21,180,61,33.9,133,45,2,54,36,0,18,22,50,146,1,Matches
99,Séamus Coleman\Seamus-Coleman,ie IRL,DF,Everton,32-214,1988,15.2,35,24,24,9,2,16,34,47.1,18,206,64,31.1,118,58,30,32,7,0,25,18,53,33,1,Matches
100,Aaron Connolly\Aaron-Connolly,ie IRL,FW,Brighton,21-105,2000,8.3,7,5,2,4,1,1,5,20.0,4,117,37,31.6,6,55,56,8,1,0,7,0,7,1,0,Matches
101,Liam Cooper\Liam-Cooper,sco SCO,DF,Leeds United,29-256,1991,22.3,69,45,43,25,1,31,54,57.4,23,259,107,41.3,161,90,8,42,30,0,12,44,113,110,1,Matches
102,Jack Cork\Jack-Cork,eng ENG,MF,Burnley,31-322,1989,12.2,22,14,4,15,3,9,22,40.9,13,191,57,29.8,50,100,41,17,6,0,11,12,34,19,0,Matches
103,Hélder Costa\Helder-Costa,pt POR,MFFW,Leeds United,27-121,1994,12.8,30,15,14,7,9,9,32,28.1,23,265,72,27.2,93,102,70,19,0,0,19,6,36,9,0,Matches
104,Vladimír Coufal\Vladimir-Coufal,cz CZE,DF,West Ham,28-264,1992,30.9,76,40,56,17,3,44,85,51.8,41,409,114,27.9,223,122,64,69,5,0,64,35,111,116,1,Matches
105,Aaron Cresswell\Aaron-Cresswell,eng ENG,DF,West Ham,31-149,1989,32.2,29,12,15,12,2,14,32,43.8,18,202,59,29.2,112,74,16,45,12,0,33,30,59,91,0,Matches
106,Patrick Cutrone\Patrick-Cutrone,it ITA,FWMF,Wolves,23-130,1998,0.3,0,0,0,0,0,0,0,,0,7,2,28.6,2,1,4,0,0,0,0,0,0,0,0,Matches
107,Stuart Dallas\Stuart-Dallas,nir NIR,DFMF,Leeds United,30-024,1991,34.9,74,47,44,26,4,28,96,29.2,68,546,178,32.6,208,261,77,54,3,0,51,57,131,50,1,Matches
108,Scott Dann\Scott-Dann,eng ENG,DF,Crystal Palace,34-088,1987,15.0,10,7,9,1,0,3,12,25.0,9,62,17,27.4,41,20,1,26,16,0,10,8,18,75,1,Matches
109,Karl Darlow\Karl-Darlow,eng ENG,GK,Newcastle Utd,30-217,1990,25.0,0,0,0,0,0,0,2,0.0,2,2,0,0.0,2,0,0,0,0,0,0,1,1,2,0,Matches
110,Ben Davies\Ben-Davies,wal WAL,DF,Tottenham,28-019,1993,15.0,26,13,14,8,4,10,29,34.5,19,184,42,22.8,91,64,29,24,5,0,19,13,39,72,0,Matches
111,Tom Davies\Tom-Davies,eng ENG,MF,Everton,22-317,1998,14.7,32,27,21,10,1,9,36,25.0,27,245,82,33.5,104,109,32,20,7,0,13,30,62,29,0,Matches
112,Keinan Davis\Keinan-Davis,eng ENG,FWMF,Aston Villa,23-089,1998,2.0,3,3,1,1,1,0,1,0.0,1,42,12,28.6,4,24,14,1,0,0,1,0,3,2,0,Matches
113,Leif Davis\Leif-Davis,eng ENG,DF,Leeds United,21-121,2000,0.4,0,0,0,0,0,0,2,0.0,2,12,0,0.0,5,6,1,3,1,0,2,2,2,0,0,Matches
114,Craig Dawson\Craig-Dawson,eng ENG,DF,West Ham,31-007,1990,18.4,12,10,12,0,0,3,11,27.3,8,120,41,34.2,79,38,3,26,20,1,6,28,40,120,1,Matches
115,Kevin De Bruyne\Kevin-De-Bruyne,be BEL,MF,Manchester City,29-319,1991,21.2,37,31,8,19,10,10,48,20.8,38,355,119,33.5,42,160,153,25,2,0,23,16,53,7,0,Matches
116,Liam Delap\Liam-Delap,eng ENG,FW,Manchester City,18-094,2003,0.4,0,0,0,0,0,0,0,,0,6,1,16.7,0,5,1,0,0,0,0,0,0,0,0,Matches
117,Fabian Delph\Fabian-Delph,eng ENG,MFDF,Everton,31-173,1989,3.0,5,2,3,2,0,1,2,50.0,1,30,6,20.0,12,18,0,4,0,0,4,4,9,3,0,Matches
118,Leander Dendoncker\Leander-Dendoncker,be BEL,MFDF,Wolves,26-028,1995,26.0,48,28,31,14,3,23,57,40.4,34,459,140,30.5,212,202,45,56,15,0,41,24,72,73,0,Matches
119,Mbaye Diagne\Mbaye-Diagne,sn SEN,FW,West Brom,29-197,1991,13.2,8,4,3,2,3,1,4,25.0,3,138,40,29.0,13,44,81,7,1,0,6,2,10,17,0,Matches
120,Amad Diallo\Amad-Diallo,ci CIV,FW,Manchester Utd,18-306,2002,0.9,1,1,0,1,0,0,0,,0,18,6,33.3,7,8,3,2,1,0,1,2,3,2,0,Matches
121,Ibrahima Diallo\Ibrahima-Diallo,fr FRA,MF,Southampton,22-066,1999,10.0,27,22,13,12,2,7,20,35.0,13,209,68,32.5,74,121,14,14,1,0,13,13,40,16,0,Matches
122,Grady Diangana\Grady-Diangana,eng ENG,MFFW,West Brom,23-024,1998,12.3,31,18,20,5,6,12,32,37.5,20,277,57,20.6,132,89,56,26,1,0,25,13,44,4,0,Matches
123,Raphael Dias Belloli\Raphael-Dias-Belloli,br BRA,MF,Leeds United,24-150,1996,23.3,32,17,14,11,7,10,46,21.7,36,357,90,25.2,99,140,118,36,1,0,35,30,62,30,0,Matches
124,Rúben Dias\Ruben-Dias,pt POR,DF,Manchester City,23-364,1997,29.6,29,20,15,12,2,4,16,25.0,12,162,58,35.8,80,65,17,42,22,0,20,21,50,102,0,Matches
125,Eric Dier\Eric-Dier,eng ENG,DF,Tottenham,27-118,1994,26.0,23,14,12,10,1,11,20,55.0,9,152,45,29.6,93,51,8,46,31,0,15,22,45,158,0,Matches
126,Lucas Digne\Lucas-Digne,fr FRA,DFMF,Everton,27-297,1993,25.8,68,35,47,11,10,25,45,55.6,20,347,90,25.9,168,112,67,55,3,0,52,19,87,81,0,Matches
127,Virgil van Dijk\Virgil-van-Dijk,nl NED,DF,Liverpool,29-309,1991,4.1,3,1,1,2,0,0,1,0.0,1,14,3,21.4,7,7,0,3,2,0,1,0,3,12,1,Matches
128,Issa Diop\Issa-Diop,fr FRA,DF,West Ham,24-124,1997,15.3,26,19,14,12,0,6,18,33.3,12,112,40,35.7,60,48,4,35,24,1,11,14,40,82,2,Matches
129,Moussa Djenepo\Moussa-Djenepo,ml MLI,MF,Southampton,22-332,1998,12.8,43,20,23,11,9,16,50,32.0,34,306,86,28.1,110,114,82,26,0,0,26,10,53,15,0,Matches
130,Matt Doherty\Matt-Doherty,ie IRL,DF,Tottenham,29-117,1992,12.7,18,6,5,8,5,10,29,34.5,19,165,32,19.4,67,66,32,36,5,0,31,14,32,47,0,Matches
131,Gabriel Dos Santos\Gabriel-Dos-Santos,br BRA,DF,Arsenal,23-145,1997,20.2,26,16,21,5,0,8,15,53.3,7,136,49,36.0,87,44,5,38,23,0,15,21,47,93,2,Matches
132,Abdoulaye Doucouré\Abdoulaye-Doucoure,fr FRA,MF,Everton,28-132,1993,23.7,47,34,27,14,6,13,40,32.5,27,456,127,27.9,194,181,81,36,9,0,27,28,75,28,1,Matches
133,Martin Dúbravka\Martin-Dubravka,sk SVK,GK,Newcastle Utd,32-118,1989,10.0,0,0,0,0,0,0,0,,0,2,2,100.0,2,0,0,0,0,0,0,0,0,0,0,Matches
134,Paul Dummett\Paul-Dummett,wal WAL,DF,Newcastle Utd,29-229,1991,10.9,19,10,11,7,1,9,18,50.0,9,99,22,22.2,65,28,6,23,7,0,16,14,33,71,1,Matches
135,Lewis Dunk\Lewis-Dunk,eng ENG,DF,Brighton,29-173,1991,31.6,32,18,21,9,2,12,22,54.5,10,180,68,37.8,95,73,12,37,22,1,15,29,61,123,2,Matches
136,Jimmy Dunne\Jimmy-Dunne,ie IRL,DF,Burnley,23-206,1997,2.0,1,1,1,0,0,1,1,100.0,0,13,7,53.8,8,4,1,4,3,0,1,0,1,7,0,Matches
137,Ederson\Ederson,br BRA,GK,Manchester City,27-269,1993,34.0,0,0,0,0,0,0,1,0.0,1,5,1,20.0,5,0,0,0,0,0,0,0,0,1,1,Matches
138,Kyle Edwards\Kyle-Edwards,eng ENG,MFFW,West Brom,23-085,1998,1.3,3,0,1,1,1,0,1,0.0,1,15,2,13.3,4,9,2,2,0,0,2,1,4,0,0,Matches
139,John Egan\John-Egan,ie IRL,DF,Sheffield Utd,28-205,1992,26.2,42,26,31,10,1,16,32,50.0,16,225,71,31.6,140,80,5,47,26,1,21,33,75,130,1,Matches
140,Anthony Elanga\Anthony-Elanga,se SWE,FW,Manchester Utd,19-016,2002,0.7,0,0,0,0,0,0,0,,0,18,4,22.2,6,6,6,2,1,0,1,0,0,0,0,Matches
141,Ahmed Elmohamady\Ahmed-Elmohamady,eg EGY,DF,Aston Villa,33-246,1987,7.8,14,10,8,3,3,5,8,62.5,3,60,22,36.7,30,22,8,11,2,0,9,22,36,25,0,Matches
142,Mohamed Elneny\Mohamed-Elneny,eg EGY,MF,Arsenal,28-306,1992,16.2,16,11,9,7,0,5,18,27.8,13,187,53,28.3,66,86,35,18,4,0,14,19,35,24,1,Matches
143,Jonny Evans\Jonny-Evans,nir NIR,DF,Leicester City,33-130,1988,27.5,21,12,17,3,1,10,21,47.6,11,168,66,39.3,112,53,3,27,6,0,21,41,62,146,0,Matches
144,Eberechi Eze\Eberechi-Eze,eng ENG,MF,Crystal Palace,22-318,1998,27.4,37,21,18,13,6,14,36,38.9,22,307,89,29.0,85,156,66,31,3,0,28,29,66,6,0,Matches
145,Łukasz Fabiański\Lukasz-Fabianski,pl POL,GK,West Ham,36-025,1985,33.0,0,0,0,0,0,0,0,,0,9,2,22.2,9,0,0,3,0,0,3,0,0,1,1,Matches
146,Fabinho\Fabinho,br BRA,DFMF,Liverpool,27-202,1993,24.5,67,48,23,38,6,23,51,45.1,28,284,99,34.9,98,166,20,37,12,0,25,41,108,89,0,Matches
147,Bruno Fernandes\Bruno-Fernandes,pt POR,MF,Manchester Utd,26-247,1994,32.4,57,37,19,24,14,17,85,20.0,68,666,165,24.8,108,324,234,40,1,0,39,19,76,26,0,Matches
148,Federico Fernández\Federico-Fernandez,ar ARG,DF,Newcastle Utd,32-081,1989,20.1,31,15,23,6,2,13,24,54.2,11,170,48,28.2,119,44,7,51,32,0,19,16,47,146,1,Matches
149,Fernandinho\Fernandinho,br BRA,MF,Manchester City,36-009,1985,11.8,28,19,6,15,7,11,35,31.4,24,198,67,33.8,41,126,31,9,0,0,9,23,51,31,0,Matches
150,Sam Field\Sam-Field,eng ENG,MF,West Brom,23-005,1998,0.7,9,7,4,5,0,2,3,66.7,1,22,10,45.5,8,13,1,6,1,0,5,0,9,4,0,Matches
151,Roberto Firmino\Roberto-Firmino,br BRA,FW,Liverpool,29-223,1991,27.7,33,21,4,13,16,10,33,30.3,23,491,141,28.7,60,227,204,50,3,0,47,9,42,9,0,Matches
152,John Fleck\John-Fleck,sco SCO,MF,Sheffield Utd,29-262,1991,25.6,40,22,22,14,4,12,57,21.1,45,472,117,24.8,166,227,79,36,5,0,31,33,73,17,1,Matches
153,Phil Foden\Phil-Foden,eng ENG,FWMF,Manchester City,20-350,2000,16.3,25,16,9,11,5,9,19,47.4,10,274,83,30.3,45,101,128,12,1,0,11,12,37,9,0,Matches
154,Wesley Fofana\Wesley-Fofana,fr FRA,DF,Leicester City,20-147,2000,23.9,60,40,36,23,1,17,32,53.1,15,230,80,34.8,124,98,8,45,19,0,26,49,109,121,0,Matches
155,Pablo Fornals\Pablo-Fornals,es ESP,FWMF,West Ham,25-080,1996,25.6,36,24,13,17,6,7,76,9.2,69,503,104,20.7,155,242,106,49,1,0,48,26,62,6,1,Matches
156,Fraser Forster\Fraser-Forster,eng ENG,GK,Southampton,33-057,1988,8.0,0,0,0,0,0,0,1,0.0,1,3,1,33.3,3,0,0,0,0,0,0,0,0,4,0,Matches
157,Timothy Fosu-Mensah\Timothy-Fosu-Mensah,nl NED,DF,Manchester Utd,23-131,1998,0.9,3,1,2,1,0,1,1,100.0,0,7,2,28.6,3,4,0,1,0,0,1,1,4,1,0,Matches
158,Ryan Fraser\Ryan-Fraser,sco SCO,FWMF,Newcastle Utd,27-078,1994,10.3,4,1,3,1,0,0,2,0.0,2,114,19,16.7,18,51,45,8,0,0,8,3,7,3,0,Matches
159,Fred\Fred,br BRA,MF,Manchester Utd,28-069,1993,24.9,82,53,31,41,10,27,79,34.2,52,601,184,30.6,210,289,102,60,8,0,52,47,129,31,0,Matches
160,Ryan Fredericks\Ryan-Fredericks,eng ENG,DFFW,West Ham,28-215,1992,6.3,13,6,7,6,0,6,13,46.2,7,65,13,20.0,38,14,13,16,2,0,14,8,21,22,0,Matches
161,Christian Fuchs\Christian-Fuchs,at AUT,DF,Leicester City,35-036,1986,7.8,15,9,13,1,1,5,14,35.7,9,87,23,26.4,53,27,7,16,4,1,12,12,27,31,0,Matches
162,Darnell Furlong\Darnell-Furlong,eng ENG,DF,West Brom,25-194,1995,29.6,40,14,23,12,5,15,36,41.7,21,254,68,26.8,117,91,46,73,16,1,57,25,65,109,1,Matches
163,Conor Gallagher\Conor-Gallagher,eng ENG,MF,West Brom,21-096,2000,25.1,72,48,30,34,8,19,85,22.4,66,624,158,25.3,204,310,110,55,6,0,49,33,105,25,0,Matches
164,Eric García\Eric-Garcia,es ESP,DF,Manchester City,20-124,2001,2.4,6,2,4,1,1,2,5,40.0,3,18,5,27.8,12,6,0,2,0,0,2,4,10,8,0,Matches
165,Dwight Gayle\Dwight-Gayle,eng ENG,FWMF,Newcastle Utd,30-208,1990,4.9,5,3,1,4,0,1,4,25.0,3,76,19,25.0,10,30,36,3,2,0,1,1,6,0,0,Matches
166,Jean-Philippe Gbamin\Jean-Philippe-Gbamin,ci CIV,MF,Everton,25-230,1995,0.1,1,1,0,1,0,0,1,0.0,1,4,2,50.0,0,1,3,1,0,0,1,0,1,1,0,Matches
167,David de Gea\David-de-Gea,es ESP,GK,Manchester Utd,30-187,1990,24.5,0,0,0,0,0,0,0,,0,0,0,,0,0,0,0,0,0,0,0,0,1,0,Matches
168,Anwar El Ghazi\Anwar-El-Ghazi,nl NED,FW,Aston Villa,26-010,1995,14.1,13,9,7,4,2,3,14,21.4,11,176,45,25.6,49,66,61,10,0,0,10,5,18,10,0,Matches
169,Kieran Gibbs\Kieran-Gibbs,eng ENG,DF,West Brom,31-229,1989,9.0,14,6,9,3,2,3,7,42.9,4,80,20,25.0,42,30,8,17,6,0,11,14,28,33,0,Matches
170,Morgan Gibbs-White\Morgan-Gibbs-White,eng ENG,FWMF,Wolves,21-106,2000,2.7,2,2,0,0,2,1,6,16.7,5,45,17,37.8,8,15,22,5,0,0,5,3,5,1,0,Matches
171,Billy Gilmour\Billy-Gilmour,sco SCO,MF,Chelsea,19-336,2001,2.9,4,1,2,2,0,2,7,28.6,5,68,17,25.0,24,34,10,5,2,0,3,4,8,2,0,Matches
172,Olivier Giroud\Olivier-Giroud,fr FRA,FW,Chelsea,34-225,1986,8.3,8,4,0,5,3,0,3,0.0,3,131,34,26.0,15,50,66,3,1,0,2,4,12,10,0,Matches
173,Ben Godfrey\Ben-Godfrey,eng ENG,DF,Everton,23-118,1998,25.8,51,27,37,12,2,22,31,71.0,9,313,102,32.6,212,83,18,75,36,1,39,40,91,116,0,Matches
174,André Gomes\Andre-Gomes,pt POR,MF,Everton,27-287,1993,17.0,47,33,22,22,3,19,57,33.3,38,359,115,32.0,120,181,58,28,1,0,27,15,62,9,0,Matches
175,Joe Gomez\Joe-Gomez,eng ENG,DF,Liverpool,23-355,1997,6.6,5,2,2,3,0,0,4,0.0,4,39,15,38.5,24,13,2,7,3,0,4,5,10,32,2,Matches
176,Anthony Gordon\Anthony-Gordon,eng ENG,FWMF,Everton,20-078,2001,1.0,3,2,3,0,0,0,2,0.0,2,18,3,16.7,5,9,4,2,0,0,2,1,4,1,0,Matches
177,Karlan Grant\Karlan-Grant,eng ENG,FWMF,West Brom,23-237,1997,12.3,6,3,3,3,0,3,6,50.0,3,163,40,24.5,23,63,77,7,0,0,7,11,17,13,0,Matches
178,Demarai Gray\Demarai-Gray,eng ENG,FW,Leicester City,24-319,1996,0.2,2,1,2,0,0,0,0,,0,3,1,33.3,2,0,1,0,0,0,0,0,2,0,0,Matches
179,Jack Grealish\Jack-Grealish,eng ENG,FWMF,Aston Villa,25-245,1995,22.0,23,15,5,13,5,3,17,17.6,14,283,92,32.5,72,104,107,25,2,0,23,11,34,4,1,Matches
180,Mason Greenwood\Mason-Greenwood,eng ENG,FW,Manchester Utd,19-224,2001,19.0,19,12,8,6,5,4,22,18.2,18,249,69,27.7,51,111,87,6,0,0,6,8,27,3,0,Matches
181,Pascal Groß\Pascal-Gross,de GER,MFDF,Brighton,29-332,1991,24.6,39,22,23,13,3,16,39,41.0,23,363,92,25.3,112,167,84,27,5,0,22,23,62,22,0,Matches
182,Kamil Grosicki\Kamil-Grosicki,pl POL,FWMF,West Brom,32-339,1988,1.6,1,0,1,0,0,1,6,16.7,5,22,3,13.6,11,8,3,1,0,0,1,0,1,2,0,Matches
183,Vicente Guaita\Vicente-Guaita,es ESP,GK,Crystal Palace,34-123,1987,35.0,0,0,0,0,0,0,1,0.0,1,4,1,25.0,4,0,0,0,0,0,0,0,0,1,0,Matches
184,İlkay Gündoğan\Ilkay-Gundogan,de GER,MF,Manchester City,30-201,1990,20.9,22,16,8,8,6,8,35,22.9,27,196,56,28.6,42,97,57,13,3,0,10,18,40,13,0,Matches
185,Antwoine Hackford\Antwoine-Hackford,eng ENG,DFFW,Sheffield Utd,17-054,2004,0.1,0,0,0,0,0,0,0,,0,3,2,66.7,0,0,3,1,0,0,1,0,0,0,0,Matches
186,Sébastien Haller\Sebastien-Haller,ci CIV,FW,West Ham,26-325,1994,10.4,11,4,1,5,5,4,18,22.2,14,199,42,21.1,12,115,72,4,1,0,3,5,16,7,0,Matches
187,Rekeem Harper\Rekeem-Harper,eng ENG,MF,West Brom,21-066,2000,0.4,2,1,1,1,0,1,1,100.0,0,10,0,0.0,2,7,1,0,0,0,0,0,2,0,0,Matches
188,Jack Harrison\Jack-Harrison,eng ENG,MF,Leeds United,24-174,1996,28.6,62,32,28,21,13,17,45,37.8,28,569,159,27.9,149,200,220,37,2,0,35,25,87,24,0,Matches
189,Kortney Hause\Kortney-Hause,eng ENG,DF,Aston Villa,25-301,1995,4.0,4,4,2,2,0,0,0,,0,16,6,37.5,9,6,1,4,2,0,2,3,7,34,0,Matches
190,Kai Havertz\Kai-Havertz,de GER,MFFW,Chelsea,21-336,1999,16.6,19,11,5,11,3,4,23,17.4,19,259,58,22.4,39,126,94,26,2,0,24,11,30,15,1,Matches
191,Isaac Hayden\Isaac-Hayden,eng ENG,MFDF,Newcastle Utd,26-052,1995,21.6,50,34,14,28,8,7,27,25.9,20,407,101,24.8,158,194,55,42,8,0,34,46,96,57,1,Matches
192,Michael Hector\Michael-Hector,jm JAM,DF,Fulham,28-298,1992,2.9,7,5,4,3,0,3,7,42.9,4,28,11,39.3,21,7,0,6,3,1,3,0,7,11,0,Matches
193,Ahmed Hegazi\Ahmed-Hegazi,eg EGY,DF,West Brom,30-108,1991,1.0,0,0,0,0,0,0,0,,0,10,4,40.0,8,2,0,2,0,0,2,0,0,11,0,Matches
194,Dean Henderson\Dean-Henderson,eng ENG,GK,Manchester Utd,24-062,1997,10.5,0,0,0,0,0,0,1,0.0,1,4,1,25.0,4,0,0,0,0,0,0,0,0,0,0,Matches
195,Jordan Henderson\Jordan-Henderson,eng ENG,MFDF,Liverpool,30-330,1990,18.9,19,9,8,7,4,8,29,27.6,21,184,60,32.6,60,85,39,28,4,1,24,29,48,43,1,Matches
196,Jeff Hendrick\Jeff-Hendrick,ie IRL,MF,Newcastle Utd,29-102,1992,15.7,6,4,3,3,0,2,14,14.3,12,171,47,27.5,40,103,28,23,8,0,15,12,18,28,0,Matches
197,Pablo Hernández\Pablo-Hernandez,es ESP,MF,Leeds United,36-032,1985,4.0,5,2,2,1,2,4,18,22.2,14,68,18,26.5,10,38,20,2,0,0,2,4,9,1,0,Matches
198,Son Heung-min\Son-Heung-min,kr KOR,FW,Tottenham,28-309,1992,31.6,25,13,9,12,4,12,65,18.5,53,564,126,22.3,108,293,163,31,3,0,28,21,46,4,0,Matches
199,Ki-Jana Hoever\Ki-Jana-Hoever,nl NED,DF,Wolves,19-115,2002,5.4,15,8,12,2,1,7,17,41.2,10,111,24,21.6,67,37,7,6,1,0,5,9,24,14,0,Matches
200,Rob Holding\Rob-Holding,eng ENG,DF,Arsenal,25-235,1995,26.4,35,18,24,8,3,9,27,33.3,18,274,83,30.3,163,97,14,49,29,0,20,20,55,149,0,Matches
201,Mason Holgate\Mason-Holgate,eng ENG,DF,Everton,24-203,1996,22.9,59,33,35,17,7,20,48,41.7,28,277,85,30.7,140,100,37,49,11,0,38,36,95,101,2,Matches
202,Conor Hourihane\Conor-Hourihane,ie IRL,MF,Aston Villa,30-100,1991,2.5,0,0,0,0,0,0,2,0.0,2,17,6,35.3,4,6,7,3,0,0,3,0,0,2,0,Matches
203,Callum Hudson-Odoi\Callum-Hudson-Odoi,eng ENG,FWDF,Chelsea,20-187,2000,11.8,24,12,11,7,6,7,18,38.9,11,160,54,33.8,37,71,52,18,1,0,17,10,34,8,0,Matches
204,Niall Huggins\Niall-Huggins,wal WAL,DF,Leeds United,20-146,2000,0.4,0,0,0,0,0,0,2,0.0,2,9,1,11.1,4,3,2,0,0,0,0,0,0,0,0,Matches
205,Pierre Højbjerg\Pierre-Hojbjerg,dk DEN,MF,Tottenham,25-281,1995,35.0,110,75,53,45,12,57,126,45.2,69,739,213,28.8,299,359,81,55,9,0,46,47,157,79,0,Matches
206,Odion Ighalo\Odion-Ighalo,ng NGA,FW,Manchester Utd,31-331,1989,0.1,0,0,0,0,0,0,1,0.0,1,2,0,0.0,1,0,1,0,0,0,0,0,0,0,0,Matches
207,Kelechi Iheanacho\Kelechi-Iheanacho,ng NGA,FW,Leicester City,24-222,1996,14.9,11,8,3,5,3,3,14,21.4,11,220,47,21.4,15,115,90,17,3,0,14,4,15,1,0,Matches
208,Danny Ings\Danny-Ings,eng ENG,FW,Southampton,28-294,1992,22.1,24,12,6,15,3,10,30,33.3,20,354,88,24.9,54,148,152,45,2,0,43,7,31,17,2,Matches
209,Branislav Ivanović\Branislav-Ivanovic,rs SRB,DF,West Brom,37-080,1984,8.5,14,5,9,5,0,5,12,41.7,7,83,18,21.7,54,28,1,15,7,0,8,3,17,31,0,Matches
210,Alex Iwobi\Alex-Iwobi,ng NGA,FWDF,Everton,25-010,1996,16.6,32,21,16,14,2,14,27,51.9,13,209,72,34.4,89,66,54,22,1,0,21,17,49,12,0,Matches
211,José Izquierdo\Jose-Izquierdo,co COL,DFMF,Brighton,28-310,1992,0.1,0,0,0,0,0,0,0,,0,1,0,0.0,0,0,1,0,0,0,0,0,0,0,0,Matches
212,Phil Jagielka\Phil-Jagielka,eng ENG,DF,Sheffield Utd,38-269,1982,5.8,9,4,5,3,1,5,11,45.5,6,56,17,30.4,40,16,0,15,6,0,9,12,21,46,2,Matches
213,Alireza Jahanbakhsh\Alireza-Jahanbakhsh,ir IRN,FWMF,Brighton,27-275,1993,4.0,6,3,0,5,1,2,9,22.2,7,59,19,32.2,7,22,30,6,0,0,6,4,10,0,0,Matches
214,Daniel James\Daniel-James,wal WAL,FW,Manchester Utd,23-184,1997,9.1,11,9,3,5,3,1,22,4.5,21,195,42,21.5,37,78,80,12,0,0,12,10,21,3,0,Matches
215,Reece James\Reece-James,eng ENG,DF,Chelsea,21-156,1999,24.4,60,34,34,19,7,19,47,40.4,28,340,88,25.9,154,141,45,56,8,0,48,40,100,44,0,Matches
216,Alexandre Jankewitz\Alexandre-Jankewitz,ch SUI,MF,Southampton,19-139,2001,0.0,2,0,1,1,0,1,1,100.0,0,8,2,25.0,4,4,0,0,0,0,0,0,2,0,0,Matches
217,Daniel Jebbison\Daniel-Jebbison,eng ENG,FW,Sheffield Utd,17-306,2003,0.3,0,0,0,0,0,0,0,,0,4,0,0.0,0,1,3,0,0,0,0,0,0,0,0,Matches
218,Gabriel Jesus\Gabriel-Jesus,br BRA,FW,Manchester City,24-040,1997,21.0,21,12,6,7,8,7,25,28.0,18,307,89,29.0,34,110,163,17,2,0,15,19,40,3,0,Matches
219,Raúl Jiménez\Raul-Jimenez,mx MEX,FW,Wolves,30-008,1991,9.1,7,4,1,4,2,0,7,0.0,7,90,22,24.4,12,36,42,8,1,0,7,6,13,10,1,Matches
220,Joelinton\Joelinton,br BRA,FWMF,Newcastle Utd,24-272,1996,20.6,42,25,10,25,7,13,37,35.1,24,378,96,25.4,83,190,105,36,4,0,32,20,62,21,0,Matches
221,Ben Johnson\Ben-Johnson,eng ENG,DF,West Ham,21-109,2000,5.8,9,3,7,0,2,5,9,55.6,4,81,13,16.0,45,22,14,10,2,1,8,11,20,14,0,Matches
222,Sam Johnstone\Sam-Johnstone,eng ENG,GK,West Brom,28-049,1993,34.0,0,0,0,0,0,0,0,,0,3,2,66.7,3,0,0,1,0,0,1,0,0,0,1,Matches
223,Curtis Jones\Curtis-Jones,eng ENG,MF,Liverpool,20-103,2001,12.3,20,15,8,7,5,10,23,43.5,13,213,64,30.0,45,102,66,17,0,0,17,16,36,10,1,Matches
224,Jorginho\Jorginho,it ITA,MF,Chelsea,29-144,1991,20.7,53,34,23,24,6,20,67,29.9,47,434,155,35.7,157,221,56,39,5,0,34,48,101,19,1,Matches
225,Willian José\Willian-Jose,br BRA,FW,Wolves,29-171,1991,11.1,1,1,0,0,1,0,4,0.0,4,108,30,27.8,4,59,45,7,1,0,6,3,4,10,0,Matches
226,Diogo Jota\Diogo-Jota,pt POR,FW,Liverpool,24-160,1996,11.5,11,8,3,6,2,3,32,9.4,29,265,67,25.3,52,96,117,9,0,0,9,7,18,4,0,Matches
227,James Justin\James-Justin,eng ENG,DF,Leicester City,23-079,1998,23.0,63,28,41,18,4,17,43,39.5,26,347,110,31.7,183,107,57,54,11,0,43,25,88,64,0,Matches
228,Ozan Kabak\Ozan-Kabak,tr TUR,DF,Liverpool,21-049,2000,8.9,19,10,12,4,3,2,7,28.6,5,103,41,39.8,58,40,5,5,3,0,2,12,31,49,1,Matches
229,Aboubakar Kamara\Aboubakar-Kamara,mr MTN,FWDF,Fulham,26-067,1995,3.5,2,2,2,0,0,1,5,20.0,4,71,13,18.3,13,27,31,10,1,0,9,2,4,2,0,Matches
230,Harry Kane\Harry-Kane,eng ENG,FW,Tottenham,27-289,1993,31.2,17,11,3,12,2,5,19,26.3,14,364,90,24.7,20,181,163,29,12,1,17,14,31,39,0,Matches
231,N'Golo Kanté\NGolo-Kante,fr FRA,MF,Chelsea,30-045,1991,23.5,87,57,42,40,5,29,60,48.3,31,478,163,34.1,205,211,62,60,5,0,55,62,149,31,0,Matches
232,Moise Kean\Moise-Kean,it ITA,FW,Everton,21-074,2000,0.2,0,0,0,0,0,0,0,,0,1,0,0.0,0,0,1,0,0,0,0,0,0,0,0,Matches
233,Michael Keane\Michael-Keane,eng ENG,DF,Everton,28-122,1993,29.2,26,14,18,6,2,9,27,33.3,18,168,54,32.1,110,50,8,64,34,0,30,36,62,175,2,Matches
234,Neeskens Kebano\Neeskens-Kebano,cd COD,FWMF,Fulham,29-064,1992,1.3,1,1,1,0,0,1,3,33.3,2,30,9,30.0,4,13,13,5,0,0,5,0,1,1,0,Matches
235,Naby Keïta\Naby-Keita,gn GUI,MF,Liverpool,26-092,1995,5.8,7,5,4,2,1,2,18,11.1,16,144,37,25.7,18,75,51,11,0,0,11,12,19,6,0,Matches
236,Caoimhín Kelleher\Caoimhin-Kelleher,ie IRL,GK,Liverpool,22-171,1998,2.0,0,0,0,0,0,0,0,,0,0,0,,0,0,0,0,0,0,0,0,0,0,0,Matches
237,Jonjoe Kenny\Jonjoe-Kenny,eng ENG,DF,Everton,24-059,1997,0.9,1,0,1,0,0,0,1,0.0,1,11,1,9.1,4,4,3,2,0,0,2,1,2,1,0,Matches
238,Reda Khadra\Reda-Khadra,de GER,FW,Brighton,19-313,2001,0.1,0,0,0,0,0,0,0,,0,1,1,100.0,0,0,1,0,0,0,0,0,0,0,0,Matches
239,Max Kilman\Max-Kilman,eng ENG,DF,Wolves,23-355,1997,13.6,26,19,20,3,3,10,20,50.0,10,133,41,30.8,95,31,7,15,6,0,9,17,43,53,0,Matches
240,Joshua King\Joshua-King,no NOR,MFFW,Everton,29-118,1992,1.6,4,1,2,0,2,1,1,100.0,0,44,11,25.0,14,17,13,3,0,0,3,1,5,1,0,Matches
241,Mateusz Klich\Mateusz-Klich,pl POL,MF,Leeds United,30-334,1990,25.8,50,41,19,24,7,9,58,15.5,49,552,162,29.3,125,308,119,21,4,0,17,16,66,23,0,Matches
242,Robin Koch\Robin-Koch,de GER,DFMF,Leeds United,24-300,1996,12.6,29,18,16,13,0,12,24,50.0,12,183,48,26.2,91,80,12,31,14,0,17,13,42,40,2,Matches
243,Sead Kolašinac\Sead-Kolasinac,ba BIH,DF,Arsenal,27-327,1993,1.0,0,0,0,0,0,0,0,,0,3,1,33.3,0,2,1,0,0,0,0,0,0,0,0,Matches
244,Terence Kongolo\Terence-Kongolo,nl NED,DF,Fulham,27-088,1994,1.0,4,4,1,3,0,0,0,,0,14,8,57.1,6,7,1,2,0,0,2,0,4,6,0,Matches
245,Ezri Konsa\Ezri-Konsa,eng ENG,DF,Aston Villa,23-202,1997,31.5,31,19,21,9,1,9,16,56.3,7,202,62,30.7,119,74,9,54,40,0,14,20,51,170,0,Matches
246,Cheikhou Kouyaté\Cheikhou-Kouyate,sn SEN,DF,Crystal Palace,31-143,1989,31.7,62,33,47,13,2,22,40,55.0,18,301,94,31.2,208,78,15,53,24,0,29,35,97,156,2,Matches
247,Mateo Kovačić\Mateo-Kovacic,hr CRO,MF,Chelsea,27-007,1994,18.8,48,31,20,23,5,8,30,26.7,22,311,107,34.4,91,155,65,14,1,0,13,21,69,11,1,Matches
248,Emil Krafth\Emil-Krafth,se SWE,DF,Newcastle Utd,26-284,1994,11.5,23,16,13,9,1,10,23,43.5,13,146,49,33.6,77,52,17,26,8,0,18,15,38,48,1,Matches
249,Filip Krovinović\Filip-Krovinovic,hr CRO,MF,West Brom,25-257,1995,6.1,16,10,6,7,3,5,18,27.8,13,103,22,21.4,36,53,14,5,0,0,5,2,18,6,0,Matches
250,Alexandre Lacazette\Alexandre-Lacazette,fr FRA,FW,Arsenal,29-350,1991,21.2,25,19,6,12,7,4,16,25.0,12,327,106,32.4,40,134,153,17,2,0,15,14,39,13,0,Matches
251,Adam Lallana\Adam-Lallana,eng ENG,MFFW,Brighton,33-003,1988,16.5,29,24,14,11,4,8,46,17.4,38,304,97,31.9,99,138,67,25,3,0,22,16,45,13,0,Matches
252,Érik Lamela\Erik-Lamela,ar ARG,FWMF,Tottenham,29-070,1992,8.0,18,11,1,13,4,4,12,33.3,8,183,49,26.8,31,102,50,8,1,0,7,4,22,1,0,Matches
253,Tariq Lamptey\Tariq-Lamptey,eng ENG,DF,Brighton,20-225,2000,9.8,17,10,9,6,2,7,14,50.0,7,124,41,33.1,49,53,22,15,1,0,14,13,30,17,0,Matches
254,Manuel Lanzini\Manuel-Lanzini,ar ARG,MFFW,West Ham,28-087,1993,6.3,6,6,2,3,1,2,13,15.4,11,109,37,33.9,33,48,28,15,0,0,15,6,12,5,0,Matches
255,Aymeric Laporte\Aymeric-Laporte,fr FRA,DF,Manchester City,26-351,1994,14.9,13,6,10,3,0,3,9,33.3,6,81,24,29.6,48,27,6,18,8,0,10,8,21,53,1,Matches
256,Jamaal Lascelles\Jamaal-Lascelles,eng ENG,DF,Newcastle Utd,27-183,1993,18.1,19,12,11,6,2,4,6,66.7,2,148,53,35.8,89,52,7,39,18,2,21,15,34,108,1,Matches
257,Maxime Le Marchand\Maxime-Le-Marchand,fr FRA,DF,Fulham,31-214,1989,1.4,2,1,2,0,0,1,1,100.0,0,9,2,22.2,6,2,1,0,0,0,0,0,2,7,0,Matches
258,Mario Lemina\Mario-Lemina,ga GAB,MF,Fulham,27-254,1993,17.9,53,33,25,20,8,15,36,41.7,21,301,99,32.9,115,145,41,28,6,0,22,41,94,35,0,Matches
259,Bernd Leno\Bernd-Leno,de GER,GK,Arsenal,29-070,1992,32.8,0,0,0,0,0,0,0,,0,3,2,66.7,3,0,0,1,0,0,1,0,0,0,0,Matches
260,Khanya Leshabela\Khanya-Leshabela,za RSA,MF,Leicester City,21-237,1999,0.1,1,0,0,1,0,1,1,100.0,0,4,0,0.0,0,2,2,0,0,0,0,0,1,0,0,Matches
261,Jamal Lewis\Jamal-Lewis,nir NIR,DF,Newcastle Utd,23-108,1998,20.3,50,26,34,14,2,21,41,51.2,20,331,81,24.5,178,119,34,35,7,0,28,20,70,33,1,Matches
262,Victor Lindelöf\Victor-Lindelof,se SWE,DF,Manchester Utd,26-300,1994,26.7,21,13,12,9,0,10,19,52.6,9,173,61,35.3,105,62,6,38,17,0,21,26,47,125,2,Matches
263,Jesse Lingard\Jesse-Lingard,eng ENG,MFFW,West Ham,28-149,1992,12.8,12,9,4,7,1,5,14,35.7,9,257,60,23.3,40,144,73,6,1,0,5,7,19,0,0,Matches
264,Jake Livermore\Jake-Livermore,eng ENG,MF,West Brom,31-180,1989,13.6,29,19,10,17,2,11,32,34.4,21,240,66,27.5,72,131,37,33,7,0,26,19,48,33,0,Matches
265,Diego Llorente\Diego-Llorente,es ESP,DF,Leeds United,27-270,1993,11.9,35,25,21,14,0,15,24,62.5,9,219,78,35.6,129,86,4,22,12,0,10,37,72,58,1,Matches
266,Hugo Lloris\Hugo-Lloris,fr FRA,GK,Tottenham,34-138,1986,35.0,0,0,0,0,0,0,1,0.0,1,2,0,0.0,2,0,0,0,0,0,0,0,0,2,1,Matches
267,Giovani Lo Celso\Giovani-Lo-Celso,ar ARG,MF,Tottenham,25-034,1996,9.7,29,20,14,10,5,7,27,25.9,20,266,80,30.1,87,135,44,10,1,0,9,8,37,8,0,Matches
268,Ruben Loftus-Cheek\Ruben-Loftus-Cheek,eng ENG,FW,Chelsea,25-110,1996,0.7,0,0,0,0,0,0,0,,0,14,4,28.6,3,7,4,1,0,0,1,1,1,0,0,Matches
269,Ruben Loftus-Cheek\Ruben-Loftus-Cheek,eng ENG,MFFW,Fulham,25-110,1996,20.4,31,21,11,14,6,8,20,40.0,12,324,96,29.6,61,168,95,23,2,0,21,21,52,15,0,Matches
270,Kevin Long\Kevin-Long,ie IRL,DF,Burnley,30-268,1990,7.1,14,8,10,4,0,5,8,62.5,3,53,20,37.7,34,18,1,9,5,0,4,4,18,31,0,Matches
271,Shane Long\Shane-Long,ie IRL,FWMF,Southampton,34-111,1987,2.3,2,0,0,0,2,1,3,33.3,2,34,7,20.6,2,19,13,1,0,0,1,2,4,1,0,Matches
272,Matthew Longstaff\Matthew-Longstaff,eng ENG,MF,Newcastle Utd,21-053,2000,4.2,4,3,4,0,0,2,6,33.3,4,98,25,25.5,30,58,10,9,0,0,9,6,10,3,0,Matches
273,Sean Longstaff\Sean-Longstaff,eng ENG,MF,Newcastle Utd,23-195,1997,14.4,33,19,14,16,3,20,55,36.4,35,358,89,24.9,150,166,42,26,3,0,23,17,50,19,1,Matches
274,Ademola Lookman\Ademola-Lookman,eng ENG,FWMF,Fulham,23-205,1997,28.5,38,29,11,19,8,4,31,12.9,27,482,148,30.7,100,219,163,41,2,0,39,25,63,11,0,Matches
275,Max Lowe\Max-Lowe,eng ENG,DF,Sheffield Utd,24-002,1997,6.1,23,14,20,2,1,7,20,35.0,13,130,37,28.5,60,51,19,21,3,0,18,3,26,12,1,Matches
276,Matthew Lowton\Matthew-Lowton,eng ENG,DF,Burnley,31-338,1989,31.0,63,34,33,28,2,31,66,47.0,35,255,74,29.0,117,103,35,58,12,0,46,46,109,106,2,Matches
277,David Luiz\David-Luiz,br BRA,DF,Arsenal,34-021,1987,15.5,15,9,7,8,0,5,7,71.4,2,95,37,38.9,51,39,5,23,11,0,12,12,27,67,0,Matches
278,Douglas Luiz\Douglas-Luiz,br BRA,MF,Aston Villa,23-004,1998,28.7,58,38,24,29,5,18,59,30.5,41,575,145,25.2,223,281,71,56,16,0,40,29,87,45,0,Matches
279,John Lundstram\John-Lundstram,eng ENG,MF,Sheffield Utd,27-084,1994,22.6,26,12,9,14,3,9,43,20.9,34,350,75,21.4,108,172,70,39,8,0,31,21,47,34,1,Matches
280,Alexis Mac Allister\Alexis-Mac-Allister,ar ARG,MFFW,Brighton,22-140,1998,10.7,24,17,9,11,4,7,31,22.6,24,241,78,32.4,62,109,70,20,3,0,17,8,32,5,0,Matches
281,James Maddison\James-Maddison,eng ENG,MFFW,Leicester City,24-171,1996,22.0,35,25,4,18,13,9,27,33.3,18,316,87,27.5,55,160,101,13,1,0,12,10,45,6,0,Matches
282,Harry Maguire\Harry-Maguire,eng ENG,DF,Manchester Utd,28-069,1993,33.9,30,18,20,10,0,14,26,53.8,12,191,67,35.1,107,76,8,45,24,0,21,61,91,176,1,Matches
283,Riyad Mahrez\Riyad-Mahrez,dz ALG,FW,Manchester City,30-081,1991,19.9,20,15,3,9,8,8,32,25.0,24,226,54,23.9,22,97,107,22,0,0,22,5,25,3,0,Matches
284,Ainsley Maitland-Niles\Ainsley-Maitland-Niles,eng ENG,DF,Arsenal,23-257,1997,5.4,17,11,9,6,2,8,11,72.7,3,113,25,22.1,48,44,21,13,3,0,10,13,30,12,1,Matches
285,Ainsley Maitland-Niles\Ainsley-Maitland-Niles,eng ENG,MF,West Brom,23-257,1997,11.8,20,14,9,6,5,5,26,19.2,21,307,96,31.3,92,141,74,17,2,0,15,20,40,20,0,Matches
286,Josh Maja\Josh-Maja,ng NGA,FW,Fulham,22-137,1998,8.5,7,6,1,3,3,2,7,28.6,5,105,31,29.5,8,46,51,4,1,0,3,4,11,2,0,Matches
287,Sadio Mané\Sadio-Mane,sn SEN,FW,Liverpool,29-033,1992,28.0,37,27,7,18,12,8,22,36.4,14,425,141,33.2,59,148,218,36,2,0,34,15,52,6,0,Matches
288,Javier Manquillo\Javier-Manquillo,es ESP,DF,Newcastle Utd,27-008,1994,9.2,27,14,10,14,3,9,15,60.0,6,123,33,26.8,44,46,33,17,2,0,15,8,35,21,0,Matches
289,Fernando Marçal\Fernando-Marcal,br BRA,DF,Wolves,32-083,1989,6.8,9,4,5,4,0,2,6,33.3,4,63,19,30.2,30,22,11,19,2,0,17,7,16,23,0,Matches
290,Solly March\Solly-March,eng ENG,DF,Brighton,26-297,1994,18.6,56,35,29,18,9,15,33,45.5,18,240,71,29.6,86,84,70,50,6,0,44,19,75,16,0,Matches
291,Pablo Marí\Pablo-Mari,es ESP,DF,Arsenal,27-255,1993,10.0,14,11,11,3,0,4,11,36.4,7,68,27,39.7,41,25,2,13,7,0,6,5,19,56,0,Matches
292,Anthony Martial\Anthony-Martial,fr FRA,FW,Manchester Utd,25-159,1995,16.4,1,1,0,0,1,0,7,0.0,7,148,42,28.4,13,39,96,22,5,0,17,4,5,9,0,Matches
293,Martinelli\Martinelli,br BRA,FW,Arsenal,19-329,2001,6.3,6,1,2,3,1,4,12,33.3,8,132,28,21.2,17,46,69,10,1,0,9,7,13,6,0,Matches
294,Emiliano Martínez\Emiliano-Martinez,ar ARG,GK,Aston Villa,28-253,1992,34.0,0,0,0,0,0,0,1,0.0,1,4,0,0.0,4,0,0,0,0,0,0,0,0,0,1,Matches
295,Arthur Masuaku\Arthur-Masuaku,cd COD,DFFW,West Ham,27-187,1993,11.2,20,13,15,4,1,11,34,32.4,23,136,42,30.9,79,40,17,35,0,0,35,6,26,16,0,Matches
296,Juan Mata\Juan-Mata,es ESP,FWMF,Manchester Utd,33-015,1988,4.8,2,2,1,1,0,0,5,0.0,5,53,12,22.6,11,20,22,2,0,0,2,0,2,2,0,Matches
297,Jean-Philippe Mateta\Jean-Philippe-Mateta,fr FRA,FW,Crystal Palace,23-319,1997,2.5,1,1,0,1,0,1,3,33.3,2,31,4,12.9,2,18,11,2,1,0,1,1,2,2,0,Matches
298,Nemanja Matić\Nemanja-Matic,rs SRB,MF,Manchester Utd,32-285,1988,11.2,23,14,13,9,1,10,25,40.0,15,154,50,32.5,68,73,13,29,4,0,25,14,37,16,1,Matches
299,Joël Matip\Joel-Matip,cm CMR,DF,Liverpool,29-278,1991,7.7,15,11,11,4,0,5,8,62.5,3,58,24,41.4,35,20,3,7,0,0,7,4,19,28,0,Matches
300,Neal Maupay\Neal-Maupay,fr FRA,FWMF,Brighton,24-272,1996,27.9,24,18,6,12,6,4,18,22.2,14,475,146,30.7,74,187,214,18,2,0,16,12,36,9,0,Matches
301,James McArthur\James-McArthur,sco SCO,MF,Crystal Palace,33-218,1987,16.3,56,26,29,22,5,18,45,40.0,27,378,102,27.0,159,182,37,39,4,0,35,23,79,25,0,Matches
302,Oliver McBurnie\Oliver-McBurnie,sco SCO,FW,Sheffield Utd,24-343,1996,14.7,13,7,6,5,2,5,19,26.3,14,296,62,20.9,24,162,110,17,4,0,13,8,21,25,0,Matches
303,Alex McCarthy\Alex-McCarthy,eng ENG,GK,Southampton,31-161,1989,27.0,0,0,0,0,0,0,2,0.0,2,4,1,25.0,4,0,0,0,0,0,0,0,0,1,2,Matches
304,James McCarthy\James-McCarthy,ie IRL,MF,Crystal Palace,30-182,1990,6.5,11,5,9,2,0,5,15,33.3,10,121,28,23.1,58,55,8,17,8,0,9,7,18,9,0,Matches
305,John McGinn\John-McGinn,sco SCO,MF,Aston Villa,26-207,1994,33.0,64,40,22,33,9,20,68,29.4,48,562,145,25.8,174,291,97,36,5,0,31,38,102,28,2,Matches
306,David McGoldrick\David-McGoldrick,ie IRL,FWMF,Sheffield Utd,33-165,1987,23.6,26,15,6,13,7,8,31,25.8,23,396,100,25.3,63,169,164,31,4,0,27,12,38,21,0,Matches
307,Dwight McNeil\Dwight-McNeil,eng ENG,MF,Burnley,21-172,1999,31.6,40,20,17,19,4,11,49,22.4,38,546,129,23.6,144,268,134,54,5,0,49,35,75,24,1,Matches
308,Scott McTominay\Scott-McTominay,sco SCO,MF,Manchester Utd,24-156,1996,22.0,40,24,22,12,6,12,35,34.3,23,322,97,30.1,114,156,52,52,13,0,39,41,81,50,0,Matches
309,Ben Mee\Ben-Mee,eng ENG,DF,Burnley,31-232,1989,27.9,30,18,15,13,2,7,22,31.8,15,144,41,28.5,81,52,11,57,39,1,18,24,54,233,1,Matches
310,Benjamin Mendy\Benjamin-Mendy,fr FRA,DF,Manchester City,26-300,1994,10.4,14,9,3,6,5,5,18,27.8,13,120,40,33.3,32,49,39,24,5,0,19,6,20,11,1,Matches
311,Edouard Mendy\Edouard-Mendy,sn SEN,GK,Chelsea,29-073,1992,29.0,0,0,0,0,0,0,1,0.0,1,3,0,0.0,3,0,0,0,0,0,0,0,0,0,1,Matches
312,Nampalys Mendy\Nampalys-Mendy,sn SEN,MF,Leicester City,28-324,1992,15.4,34,22,19,13,2,7,15,46.7,8,247,77,31.2,100,111,36,21,2,0,19,7,41,8,0,Matches
313,Illan Meslier\Illan-Meslier,fr FRA,GK,Leeds United,21-072,2000,34.0,0,0,0,0,0,0,1,0.0,1,7,2,28.6,7,0,0,0,0,0,0,0,0,1,3,Matches
314,Luka Milivojević\Luka-Milivojevic,rs SRB,MF,Crystal Palace,30-036,1991,26.2,67,44,28,33,6,32,81,39.5,49,463,135,29.2,198,220,45,47,6,0,41,44,111,50,0,Matches
315,James Milner\James-Milner,eng ENG,MFDF,Liverpool,35-129,1986,11.7,24,14,8,15,1,8,34,23.5,26,204,68,33.3,51,118,35,39,4,0,35,15,39,22,1,Matches
316,Yerry Mina\Yerry-Mina,co COL,DF,Everton,26-232,1994,20.5,24,12,18,6,0,6,9,66.7,3,143,43,30.1,96,45,2,36,25,0,11,12,36,126,1,Matches
317,Takumi Minamino\Takumi-Minamino,jp JPN,MFFW,Southampton,26-117,1995,6.4,3,1,1,2,0,1,9,11.1,8,100,30,30.0,27,52,21,8,1,0,7,7,10,10,0,Matches
318,Takumi Minamino\Takumi-Minamino,jp JPN,MFFW,Liverpool,26-117,1995,3.3,4,3,1,2,1,0,12,0.0,12,82,25,30.5,19,41,22,0,0,0,0,0,4,3,0,Matches
319,Tyrone Mings\Tyrone-Mings,eng ENG,DF,Aston Villa,28-061,1993,32.5,26,16,19,6,1,14,26,53.8,12,226,64,28.3,127,81,18,75,42,1,33,29,55,207,5,Matches
320,Tyrick Mitchell\Tyrick-Mitchell,eng ENG,DF,Crystal Palace,21-254,1999,16.0,58,25,42,7,9,16,30,53.3,14,315,80,25.4,214,66,35,42,6,0,36,24,82,54,1,Matches
321,Aleksandar Mitrović\Aleksandar-Mitrovic,rs SRB,FW,Fulham,26-239,1994,15.6,11,9,1,4,6,2,8,25.0,6,195,71,36.4,12,66,117,18,4,0,14,3,14,7,0,Matches
322,Jakub Moder\Jakub-Moder,pl POL,DFMF,Brighton,22-036,1999,4.2,14,6,5,6,3,4,14,28.6,10,92,29,31.5,31,34,27,12,1,0,11,6,20,9,0,Matches
323,Jayson Molumby\Jayson-Molumby,ie IRL,MF,Brighton,21-280,1999,0.0,0,0,0,0,0,0,0,,0,1,0,0.0,1,0,0,0,0,0,0,0,0,0,0,Matches
324,Wesley Moraes\Wesley-Moraes,br BRA,MFFW,Aston Villa,24-168,1996,0.2,0,0,0,0,0,0,1,0.0,1,4,1,25.0,0,3,1,0,0,0,0,0,0,0,0,Matches
325,Wes Morgan\Wes-Morgan,jm JAM,DF,Leicester City,37-112,1984,0.2,0,0,0,0,0,0,0,,0,0,0,,0,0,0,0,0,0,0,0,0,1,0,Matches
326,Mason Mount\Mason-Mount,eng ENG,MFFW,Chelsea,22-123,1999,30.1,74,45,25,32,17,20,68,29.4,48,649,201,31.0,138,302,209,46,2,0,44,35,109,14,0,Matches
327,Lucas Moura\Lucas-Moura,br BRA,FWMF,Tottenham,28-273,1992,15.4,33,21,11,18,4,9,30,30.0,21,259,62,23.9,69,120,70,18,1,0,17,20,53,11,0,Matches
328,Lys Mousset\Lys-Mousset,fr FRA,FWMF,Sheffield Utd,25-094,1996,3.3,0,0,0,0,0,0,3,0.0,3,60,11,18.3,1,22,37,1,1,0,0,0,0,1,0,Matches
329,João Moutinho\Joao-Moutinho,pt POR,MF,Wolves,34-247,1986,25.2,61,40,31,26,4,25,84,29.8,59,464,135,29.1,184,223,57,36,3,0,33,35,96,28,0,Matches
330,Joel Mumbongo\Joel-Mumbongo,se SWE,FW,Burnley,22-124,1999,0.4,0,0,0,0,0,0,0,,0,7,1,14.3,0,1,6,1,0,0,1,0,0,0,0,Matches
331,Jacob Murphy\Jacob-Murphy,eng ENG,DFMF,Newcastle Utd,26-078,1995,15.1,39,28,23,13,3,24,46,52.2,22,286,76,26.6,135,100,51,39,4,0,35,18,57,26,0,Matches
332,Shkodran Mustafi\Shkodran-Mustafi,de GER,DF,Arsenal,29-026,1992,0.5,1,1,1,0,0,1,1,100.0,0,7,2,28.6,3,4,0,1,0,0,1,0,1,2,0,Matches
333,Marvelous Nakamba\Marvelous-Nakamba,zw ZIM,MF,Aston Villa,27-114,1994,6.3,16,8,7,9,0,3,9,33.3,6,151,40,26.5,78,63,10,12,2,0,10,9,25,17,0,Matches
334,Iliman Ndiaye\Iliman-Ndiaye,fr FRA,MF,Sheffield Utd,21-295,1999,0.1,0,0,0,0,0,0,0,,0,8,1,12.5,1,4,3,1,0,0,1,0,0,0,0,Matches
335,Wilfred Ndidi\Wilfred-Ndidi,ng NGA,MFDF,Leicester City,24-148,1996,22.2,97,63,44,45,8,27,70,38.6,43,448,169,37.7,173,230,45,61,10,0,51,55,152,70,0,Matches
336,Tanguy Ndombele\Tanguy-Ndombele,fr FRA,MF,Tottenham,24-136,1996,22.9,49,32,12,25,12,11,43,25.6,32,451,150,33.3,132,239,80,34,4,0,30,29,78,19,0,Matches
337,Reiss Nelson\Reiss-Nelson,eng ENG,FW,Arsenal,21-154,1999,0.8,0,0,0,0,0,0,0,,0,13,6,46.2,2,6,5,1,0,0,1,1,1,1,0,Matches
338,Pedro Neto\Pedro-Neto,pt POR,FWMF,Wolves,21-065,2000,28.3,21,18,7,6,8,5,30,16.7,25,333,95,28.5,83,146,104,25,2,0,23,29,50,11,0,Matches
339,Rúben Neves\Ruben-Neves,pt POR,MF,Wolves,24-061,1997,27.5,82,60,42,34,6,34,87,39.1,53,531,179,33.7,231,251,49,66,11,0,55,43,125,52,1,Matches
340,Eddie Nketiah\Eddie-Nketiah,eng ENG,FW,Arsenal,21-348,1999,4.7,4,3,0,2,2,0,2,0.0,2,109,14,12.8,10,51,48,7,2,0,5,1,5,4,0,Matches
341,Niels Nkounkou\Niels-Nkounkou,fr FRA,DF,Everton,20-193,2000,0.8,4,0,2,1,1,1,4,25.0,3,20,4,20.0,6,9,5,4,0,0,4,0,4,4,0,Matches
342,Dan Nlundulu\Dan-Nlundulu,eng ENG,FW,Southampton,22-097,1999,1.2,0,0,0,0,0,0,2,0.0,2,30,7,23.3,5,9,16,5,0,0,5,0,0,2,0,Matches
343,Mark Noble\Mark-Noble,eng ENG,MF,West Ham,34-005,1987,7.8,8,5,4,3,1,3,15,20.0,12,112,23,20.5,46,54,12,9,3,0,6,10,18,7,0,Matches
344,Oliver Norwood\Oliver-Norwood,nir NIR,MF,Sheffield Utd,30-031,1991,21.7,50,25,20,29,1,16,68,23.5,52,408,96,23.5,152,208,48,31,12,1,19,38,88,53,1,Matches
345,Jack O'Connell\Jack-OConnell,eng ENG,DF,Sheffield Utd,27-045,1994,2.0,3,1,1,1,1,0,2,0.0,2,10,4,40.0,5,2,3,6,3,0,3,0,3,11,0,Matches
346,Dara O'Shea\Dara-OShea,ie IRL,DF,West Brom,22-070,1999,22.7,50,29,32,15,3,16,45,35.6,29,244,85,34.8,151,78,15,51,19,1,32,39,89,142,0,Matches
347,Michael Obafemi\Michael-Obafemi,ie IRL,FW,Southampton,20-311,2000,0.6,1,1,1,0,0,0,0,,0,21,6,28.6,8,7,6,1,0,0,1,1,2,0,0,Matches
348,Denis Odoi\Denis-Odoi,be BEL,DF,Fulham,32-351,1988,3.0,3,0,2,1,0,1,4,25.0,3,23,3,13.0,11,8,4,6,1,0,5,1,4,11,0,Matches
349,Angelo Ogbonna\Angelo-Ogbonna,it ITA,DF,West Ham,32-355,1988,24.7,25,18,20,3,2,2,15,13.3,13,199,79,39.7,119,71,9,36,13,0,23,20,45,150,0,Matches
350,Robin Olsen\Robin-Olsen,se SWE,GK,Everton,31-125,1990,7.0,0,0,0,0,0,0,0,,0,0,0,,0,0,0,0,0,0,0,0,0,2,0,Matches
351,Josh Onomah\Josh-Onomah,eng ENG,MF,Fulham,24-016,1997,2.3,6,3,0,4,2,0,5,0.0,5,59,14,23.7,9,33,17,3,1,0,2,0,6,2,0,Matches
352,Divock Origi\Divock-Origi,be BEL,FW,Liverpool,26-025,1995,2.1,5,4,1,3,1,1,1,100.0,0,44,16,36.4,3,14,27,4,1,0,3,1,6,2,0,Matches
353,Ben Osborn\Ben-Osborn,eng ENG,MFDF,Sheffield Utd,26-281,1994,15.2,27,16,16,8,3,10,43,23.3,33,351,81,23.1,115,147,89,27,3,0,24,14,41,13,0,Matches
354,Owen Otasowie\Owen-Otasowie,us USA,MFFW,Wolves,20-023,2001,2.1,7,5,3,4,0,0,1,0.0,1,35,18,51.4,8,22,5,3,1,0,2,3,10,2,0,Matches
355,Alex Oxlade-Chamberlain\Alex-Oxlade-Chamberlain,eng ENG,MFFW,Liverpool,27-271,1993,2.7,2,1,0,2,0,0,6,0.0,6,47,12,25.5,4,25,18,3,0,0,3,1,3,1,0,Matches
356,Emerson Palmieri\Emerson-Palmieri,it ITA,DF,Chelsea,26-283,1994,1.0,3,2,1,1,1,1,3,33.3,2,14,3,21.4,6,3,5,2,0,0,2,1,4,10,0,Matches
357,Thomas Partey\Thomas-Partey,gh GHA,MF,Arsenal,27-334,1993,15.2,42,26,18,21,3,16,44,36.4,28,240,84,35.0,97,112,31,26,5,0,21,24,66,25,0,Matches
358,Rui Patrício\Rui-Patricio,pt POR,GK,Wolves,33-087,1988,35.0,0,0,0,0,0,0,1,0.0,1,3,0,0.0,3,0,0,0,0,0,0,0,0,1,0,Matches
359,Bailey Peacock-Farrell\Bailey-Peacock-Farrell,nir NIR,GK,Burnley,24-196,1996,3.0,0,0,0,0,0,0,1,0.0,1,1,1,100.0,1,0,0,0,0,0,0,0,0,0,0,Matches
360,Lee Peltier\Lee-Peltier,eng ENG,DF,West Brom,34-153,1986,2.5,10,7,9,1,0,3,3,100.0,0,32,12,37.5,15,14,3,2,0,0,2,2,12,12,0,Matches
361,Nicolas Pépé\Nicolas-Pepe,ci CIV,FW,Arsenal,25-349,1995,16.0,20,16,8,10,2,8,20,40.0,12,201,54,26.9,41,69,91,22,2,0,20,15,35,10,1,Matches
362,Matheus Pereira\Matheus-Pereira,br BRA,MFFW,West Brom,25-008,1996,26.6,33,20,14,13,6,10,45,22.2,35,438,114,26.0,103,218,117,29,0,0,29,28,61,17,0,Matches
363,Ricardo Pereira\Ricardo-Pereira,pt POR,DF,Leicester City,27-219,1993,10.1,33,17,19,11,3,10,27,37.0,17,178,62,34.8,78,66,34,26,0,0,26,16,49,26,0,Matches
364,Ayoze Pérez\Ayoze-Perez,es ESP,MFFW,Leicester City,27-294,1993,13.7,31,14,8,17,6,9,37,24.3,28,303,82,27.1,59,148,96,30,1,0,29,18,49,6,0,Matches
365,Kalvin Phillips\Kalvin-Phillips,eng ENG,MF,Leeds United,25-162,1995,24.5,67,39,40,21,6,23,74,31.1,51,547,170,31.1,230,261,56,54,14,0,40,46,113,53,0,Matches
366,Matt Phillips\Matt-Phillips,sco SCO,MF,West Brom,30-061,1991,17.3,17,10,4,8,5,5,26,19.2,21,265,58,21.9,77,113,75,47,5,1,42,16,33,17,0,Matches
367,Nathaniel Phillips\Nathaniel-Phillips,eng ENG,DF,Liverpool,24-053,1997,12.2,12,8,9,3,0,1,13,7.7,12,140,54,38.6,63,73,4,14,9,0,5,17,29,99,0,Matches
368,Jordan Pickford\Jordan-Pickford,eng ENG,GK,Everton,27-067,1994,26.5,0,0,0,0,0,0,1,0.0,1,8,2,25.0,8,0,0,2,0,0,2,0,0,3,2,Matches
369,Erik Pieters\Erik-Pieters,nl NED,DFMF,Burnley,32-279,1988,14.1,40,27,23,14,3,19,42,45.2,23,213,55,25.8,95,91,27,44,9,1,35,10,50,42,0,Matches
370,Daniel Podence\Daniel-Podence,pt POR,MFFW,Wolves,25-204,1995,18.5,18,7,5,8,5,6,23,26.1,17,243,66,27.2,65,105,73,7,1,0,6,15,33,6,0,Matches
371,Paul Pogba\Paul-Pogba,fr FRA,MFFW,Manchester Utd,28-059,1993,19.1,35,25,14,17,4,12,31,38.7,19,256,88,34.4,78,111,67,18,1,0,17,22,57,45,0,Matches
372,Nick Pope\Nick-Pope,eng ENG,GK,Burnley,29-024,1992,32.0,0,0,0,0,0,0,1,0.0,1,7,2,28.6,7,0,0,0,0,0,0,1,1,3,1,Matches
373,Dennis Praet\Dennis-Praet,be BEL,MFFW,Leicester City,26-364,1994,8.0,12,7,5,6,1,6,14,42.9,8,132,32,24.2,36,64,32,14,2,0,12,9,21,3,0,Matches
374,Davy Pröpper\Davy-Propper,nl NED,MF,Brighton,29-253,1991,2.4,7,5,0,7,0,2,5,40.0,3,30,13,43.3,13,15,2,2,0,0,2,2,9,0,0,Matches
375,Christian Pulisic\Christian-Pulisic,us USA,FWMF,Chelsea,22-237,1998,17.3,22,14,11,9,2,6,20,30.0,14,309,95,30.7,69,138,102,30,3,0,27,9,31,9,0,Matches
376,Aaron Ramsdale\Aaron-Ramsdale,eng ENG,GK,Sheffield Utd,22-364,1998,35.0,0,0,0,0,0,0,0,,0,8,3,37.5,7,0,1,0,0,0,0,0,0,1,3,Matches
377,Jacob Ramsey\Jacob-Ramsey,eng ENG,MF,Aston Villa,19-350,2001,5.6,9,7,4,4,1,0,11,0.0,11,162,50,30.9,64,67,31,14,5,0,9,4,13,5,0,Matches
378,Kayne Ramsey\Kayne-Ramsey,eng ENG,DF,Southampton,20-215,2000,1.0,5,3,4,1,0,3,3,100.0,0,8,5,62.5,7,1,0,1,1,0,0,1,6,4,0,Matches
379,Darren Randolph\Darren-Randolph,ie IRL,GK,West Ham,34-001,1987,2.0,0,0,0,0,0,0,0,,0,0,0,,0,0,0,0,0,0,0,0,0,0,0,Matches
380,Marcus Rashford\Marcus-Rashford,eng ENG,FW,Manchester Utd,23-194,1997,31.1,14,8,2,6,6,3,21,14.3,18,327,73,22.3,35,140,152,23,3,0,20,10,24,8,0,Matches
381,Tim Ream\Tim-Ream,us USA,DF,Fulham,33-220,1987,5.0,5,2,5,0,0,2,5,40.0,3,25,6,24.0,12,13,0,9,4,0,5,3,8,17,1,Matches
382,Nathan Redmond\Nathan-Redmond,eng ENG,MFFW,Southampton,27-068,1994,17.1,30,16,14,12,4,7,17,41.2,10,322,87,27.0,81,132,109,23,2,0,21,14,44,10,0,Matches
383,Harrison Reed\Harrison-Reed,eng ENG,MF,Fulham,26-106,1995,23.6,66,40,29,34,3,24,82,29.3,58,501,153,30.5,223,231,47,46,12,0,34,49,115,55,0,Matches
384,Sergio Reguilón\Sergio-Reguilon,es ESP,DF,Tottenham,24-148,1996,21.9,48,25,30,13,5,17,39,43.6,22,353,105,29.7,163,129,61,46,5,0,41,32,80,58,0,Matches
385,Bobby Reid\Bobby-Reid,jm JAM,MFFW,Fulham,28-100,1993,23.4,28,18,12,10,6,8,31,25.8,23,369,94,25.5,111,140,118,36,6,0,30,13,41,40,0,Matches
386,Declan Rice\Declan-Rice,eng ENG,MF,West Ham,22-119,1999,29.0,71,49,43,27,1,24,51,47.1,27,436,131,30.0,187,215,34,48,11,0,37,63,134,43,1,Matches
387,Lewis Richardson\Lewis-Richardson,eng ENG,FWMF,Burnley,18-095,2003,0.0,0,0,0,0,0,0,1,0.0,1,3,2,66.7,0,2,1,0,0,0,0,0,0,0,0,Matches
388,Richarlison\Richarlison,br BRA,FW,Everton,24-003,1997,27.9,44,29,26,14,4,12,36,33.3,24,482,126,26.1,116,203,163,29,2,0,27,18,62,30,0,Matches
389,Jaïro Riedewald\Jairo-Riedewald,nl NED,MF,Crystal Palace,24-246,1996,19.1,33,21,15,15,3,13,36,36.1,23,271,80,29.5,106,136,29,44,7,0,37,23,56,27,0,Matches
390,Matt Ritchie\Matt-Ritchie,sco SCO,DFMF,Newcastle Utd,31-245,1989,12.1,15,9,5,5,5,5,19,26.3,14,126,28,22.2,57,43,26,27,2,0,25,20,35,33,0,Matches
391,Tyler Roberts\Tyler-Roberts,wal WAL,MFFW,Leeds United,22-121,1999,14.3,18,8,4,10,4,4,15,26.7,11,249,58,23.3,39,128,82,20,3,0,17,8,26,14,1,Matches
392,Andrew Robertson\Andrew-Robertson,sco SCO,DF,Liverpool,27-063,1994,33.6,44,24,24,15,5,25,53,47.2,28,301,104,34.6,96,107,98,56,10,1,46,31,75,76,1,Matches
393,Antonee Robinson\Antonee-Robinson,us USA,DF,Fulham,23-278,1997,24.0,48,27,26,15,7,19,42,45.2,23,249,84,33.7,120,71,58,51,5,0,46,44,92,83,0,Matches
394,Callum Robinson\Callum-Robinson,ie IRL,FWMF,West Brom,26-100,1995,16.7,13,7,7,4,2,4,17,23.5,13,248,60,24.2,43,89,116,15,0,0,15,14,27,9,0,Matches
395,Jack Robinson\Jack-Robinson,eng ENG,DF,Sheffield Utd,27-254,1993,6.7,12,8,7,5,0,5,5,100.0,0,56,21,37.5,31,18,7,9,4,0,5,6,18,32,0,Matches
396,Hal Robson-Kanu\Hal-Robson-Kanu,wal WAL,FWMF,West Brom,31-357,1989,4.0,2,2,1,1,0,0,0,,0,65,10,15.4,5,32,28,4,0,0,4,2,4,3,0,Matches
397,Marek Rodák\Marek-Rodak,sk SVK,GK,Fulham,24-151,1996,1.0,0,0,0,0,0,0,1,0.0,1,2,0,0.0,2,0,0,0,0,0,0,0,0,0,0,Matches
398,Joe Rodon\Joe-Rodon,wal WAL,DF,Tottenham,23-203,1997,8.1,15,9,12,3,0,4,5,80.0,1,77,20,26.0,54,20,3,15,9,0,6,13,28,51,1,Matches
399,Rodri\Rodri,es ESP,MF,Manchester City,24-325,1996,28.1,77,57,31,33,13,31,68,45.6,37,455,168,36.9,148,243,64,37,9,0,28,37,114,61,1,Matches
400,Rodrigo\Rodrigo,es ESP,MFFW,Leeds United,30-068,1991,12.6,19,11,11,5,3,2,21,9.5,19,233,62,26.6,41,116,76,9,0,0,9,8,27,13,0,Matches
401,James Rodríguez\James-Rodriguez,co COL,FWMF,Everton,29-305,1991,18.7,19,13,5,11,3,8,41,19.5,33,236,59,25.0,71,111,54,24,0,0,24,16,35,1,0,Matches
402,Jay Rodriguez\Jay-Rodriguez,eng ENG,FWMF,Burnley,31-288,1989,13.5,28,14,8,11,9,6,20,30.0,14,298,66,22.1,45,131,122,27,5,0,22,4,32,6,0,Matches
403,Oriol Romeu\Oriol-Romeu,es ESP,MF,Southampton,29-231,1991,19.2,68,35,27,37,4,22,64,34.4,42,339,103,30.4,126,189,24,32,6,0,26,25,93,19,0,Matches
404,John Ruddy\John-Ruddy,eng ENG,GK,Wolves,34-201,1986,0.0,0,0,0,0,0,0,0,,0,0,0,,0,0,0,0,0,0,0,0,0,0,0,Matches
405,Antonio Rüdiger\Antonio-Rudiger,de GER,DF,Chelsea,28-071,1993,17.0,28,16,16,10,2,12,16,75.0,4,141,54,38.3,73,57,11,18,11,0,7,15,43,79,0,Matches
406,Mathew Ryan\Mathew-Ryan,au AUS,GK,Brighton,29-035,1992,11.0,0,0,0,0,0,0,0,,0,2,0,0.0,2,0,0,0,0,0,0,0,0,1,0,Matches
407,Mathew Ryan\Mathew-Ryan,au AUS,GK,Arsenal,29-035,1992,3.0,0,0,0,0,0,0,0,,0,0,0,,0,0,0,0,0,0,0,0,0,0,0,Matches
408,Allan Saint-Maximin\Allan-Saint-Maximin,fr FRA,FWMF,Newcastle Utd,24-062,1997,14.8,15,11,5,9,1,1,8,12.5,7,184,48,26.1,32,102,50,11,1,0,10,8,23,0,0,Matches
409,Romain Saïss\Romain-Saiss,ma MAR,DF,Wolves,31-048,1990,24.7,34,18,24,10,0,7,21,33.3,14,237,78,32.9,158,75,4,40,14,3,26,30,64,156,2,Matches
410,Bukayo Saka\Bukayo-Saka,eng ENG,FWDF,Arsenal,19-250,2001,27.5,32,18,13,14,5,4,30,13.3,26,372,106,28.5,92,152,128,39,2,0,37,26,58,31,0,Matches
411,Mamadou Sakho\Mamadou-Sakho,fr FRA,DF,Crystal Palace,31-089,1990,3.1,4,2,1,3,0,3,3,100.0,0,14,6,42.9,8,6,0,3,2,0,1,0,4,14,1,Matches
412,Mohamed Salah\Mohamed-Salah,eg EGY,FW,Liverpool,28-332,1992,30.2,25,12,6,7,12,6,14,42.9,8,472,130,27.5,37,140,295,10,1,0,9,7,32,10,1,Matches
413,Mohammed Salisu\Mohammed-Salisu,gh GHA,DF,Southampton,22-026,1999,6.4,21,12,14,6,1,10,18,55.6,8,102,42,41.2,47,49,6,16,4,0,12,19,40,31,0,Matches
414,Davinson Sánchez\Davinson-Sanchez,co COL,DF,Tottenham,24-335,1996,15.5,37,24,28,9,0,16,27,59.3,11,145,48,33.1,96,42,7,17,11,0,6,12,49,113,0,Matches
415,Robert Sánchez\Robert-Sanchez,es ESP,GK,Brighton,23-176,1997,24.0,0,0,0,0,0,0,0,,0,2,0,0.0,2,0,0,0,0,0,0,0,0,0,0,Matches
416,Morgan Sanson\Morgan-Sanson,fr FRA,MF,Aston Villa,26-268,1994,3.3,6,5,5,1,0,0,5,0.0,5,103,34,33.0,30,48,25,4,0,0,4,7,13,4,0,Matches
417,Romaine Sawyers\Romaine-Sawyers,kn SKN,MF,West Brom,29-192,1991,16.5,31,19,21,9,1,10,36,27.8,26,332,81,24.4,165,143,24,18,2,0,16,22,53,15,1,Matches
418,Dane Scarlett\Dane-Scarlett,eng ENG,FW,Tottenham,17-050,2004,0.0,0,0,0,0,0,0,0,,0,1,1,100.0,0,1,0,0,0,0,0,0,0,0,0,Matches
419,Fabian Schär\Fabian-Schar,ch SUI,DF,Newcastle Utd,29-144,1991,13.6,19,9,14,5,0,7,22,31.8,15,110,33,30.0,65,41,4,23,13,0,10,22,41,61,1,Matches
420,Jeffrey Schlupp\Jeffrey-Schlupp,gh GHA,MF,Crystal Palace,28-141,1992,13.5,25,14,14,9,2,6,19,31.6,13,196,53,27.0,70,91,35,31,8,0,23,15,40,10,1,Matches
421,Kasper Schmeichel\Kasper-Schmeichel,dk DEN,GK,Leicester City,34-189,1986,36.0,0,0,0,0,0,0,0,,0,4,0,0.0,4,0,0,0,0,0,0,0,0,0,0,Matches
422,Nélson Semedo\Nelson-Semedo,pt POR,DF,Wolves,27-178,1993,30.1,79,49,52,17,10,36,64,56.3,28,490,145,29.6,245,161,84,53,12,0,41,41,120,83,0,Matches
423,Jamie Shackleton\Jamie-Shackleton,eng ENG,MFDF,Leeds United,21-217,1999,5.1,8,5,4,4,0,1,8,12.5,7,74,18,24.3,21,37,16,7,1,0,6,6,14,5,0,Matches
424,Xherdan Shaqiri\Xherdan-Shaqiri,ch SUI,MFFW,Liverpool,29-215,1991,5.8,6,4,4,1,1,2,6,33.3,4,93,32,34.4,18,34,41,7,0,0,7,4,10,1,0,Matches
425,Billy Sharp\Billy-Sharp,eng ENG,FW,Sheffield Utd,35-097,1986,8.2,7,5,0,5,2,3,10,30.0,7,145,34,23.4,13,63,69,2,0,0,2,3,10,1,0,Matches
426,Luke Shaw\Luke-Shaw,eng ENG,DF,Manchester Utd,25-305,1995,27.5,59,43,28,21,10,22,38,57.9,16,340,128,37.6,119,144,77,58,8,0,50,24,83,53,2,Matches
427,Jonjo Shelvey\Jonjo-Shelvey,eng ENG,MF,Newcastle Utd,29-075,1992,26.1,42,23,22,16,4,10,42,23.8,32,336,67,19.9,133,153,50,29,11,1,18,37,79,60,0,Matches
428,Shola Shoretire\Shola-Shoretire,eng ENG,FW,Manchester Utd,17-100,2004,0.0,0,0,0,0,0,0,0,,0,3,0,0.0,0,3,0,0,0,0,0,0,0,0,0,Matches
429,Gylfi Sigurðsson\Gylfi-Sigurdsson,is ISL,MF,Everton,31-247,1989,22.2,32,20,10,16,6,11,35,31.4,24,418,105,25.1,109,207,102,45,4,0,41,26,58,17,0,Matches
430,Bernardo Silva\Bernardo-Silva,pt POR,MFFW,Manchester City,26-276,1994,21.1,31,20,12,13,6,11,45,24.4,34,348,104,29.9,63,167,118,19,1,0,18,19,50,8,0,Matches
431,Fábio Silva\Fabio-Silva,pt POR,FW,Wolves,18-298,2002,12.3,5,2,1,4,0,1,8,12.5,7,200,49,24.5,22,100,78,10,1,0,9,5,10,4,0,Matches
432,Thiago Silva\Thiago-Silva,br BRA,DF,Chelsea,36-233,1984,19.5,21,12,15,5,1,9,16,56.3,7,94,34,36.2,43,47,4,24,13,1,11,23,44,97,1,Matches
433,Moussa Sissoko\Moussa-Sissoko,fr FRA,MF,Tottenham,31-270,1989,17.6,25,20,21,3,1,7,21,33.3,14,242,75,31.0,135,84,23,27,5,0,22,16,41,32,0,Matches
434,Islam Slimani\Islam-Slimani,dz ALG,FW,Leicester City,32-329,1988,0.2,0,0,0,0,0,0,0,,0,5,2,40.0,0,3,2,0,0,0,0,0,0,0,0,Matches
435,William Smallbone\William-Smallbone,ie IRL,MF,Southampton,21-081,2000,1.9,6,4,2,3,1,1,4,25.0,3,43,18,41.9,9,21,13,5,0,0,5,1,7,2,0,Matches
436,Emile Smith-Rowe\Emile-Smith-Rowe,eng ENG,MFFW,Arsenal,20-289,2000,14.2,12,6,5,5,2,6,15,40.0,9,221,56,25.3,46,95,80,16,1,0,15,14,26,13,0,Matches
437,Robert Snodgrass\Robert-Snodgrass,sco SCO,MFFW,West Brom,33-248,1987,5.8,20,12,13,5,2,8,18,44.4,10,86,25,29.1,34,34,18,13,3,0,10,4,24,12,0,Matches
438,Robert Snodgrass\Robert-Snodgrass,sco SCO,FWDF,West Ham,33-248,1987,0.1,1,1,0,0,1,0,0,,0,0,0,,0,0,0,0,0,0,0,0,1,0,0,Matches
439,Cédric Soares\Cedric-Soares,pt POR,DF,Arsenal,29-255,1991,8.3,16,10,9,5,2,6,22,27.3,16,116,35,30.2,52,43,21,14,2,0,12,8,24,21,0,Matches
440,Tomáš Souček\Tomas-Soucek,cz CZE,MF,West Ham,26-075,1995,35.0,74,44,36,31,7,22,76,28.9,54,536,144,26.9,196,260,80,49,17,0,32,48,122,133,1,Matches
441,Çağlar Söyüncü\Caglar-Soyuncu,tr TUR,DF,Leicester City,24-355,1996,18.2,24,15,12,12,0,5,17,29.4,12,136,48,35.3,80,51,5,19,10,0,9,24,48,96,2,Matches
442,Zack Steffen\Zack-Steffen,us USA,GK,Manchester City,26-041,1995,1.0,0,0,0,0,0,0,0,,0,0,0,,0,0,0,0,0,0,0,0,0,0,0,Matches
443,Dale Stephens\Dale-Stephens,eng ENG,MF,Burnley,31-335,1989,2.9,10,4,3,5,2,5,8,62.5,3,48,15,31.3,15,27,6,3,0,0,3,3,13,0,0,Matches
444,Jack Stephens\Jack-Stephens,eng ENG,DF,Southampton,27-106,1994,15.1,32,16,19,12,1,14,34,41.2,20,149,49,32.9,86,55,8,39,12,0,27,21,53,78,1,Matches
445,Raheem Sterling\Raheem-Sterling,eng ENG,FW,Manchester City,26-156,1994,26.2,20,18,4,13,3,6,19,31.6,13,266,77,28.9,34,124,108,15,1,0,14,14,34,2,0,Matches
446,Enda Stevens\Enda-Stevens,ie IRL,DF,Sheffield Utd,30-308,1990,27.0,49,22,27,16,6,19,55,34.5,36,375,81,21.6,178,139,58,58,13,1,45,45,94,93,2,Matches
447,John Stones\John-Stones,eng ENG,DF,Manchester City,26-350,1994,19.5,15,8,10,3,2,4,11,36.4,7,112,41,36.6,52,51,9,28,13,0,15,17,32,64,0,Matches
448,Pascal Struijk\Pascal-Struijk,nl NED,DFMF,Leeds United,21-275,1999,21.3,51,27,33,17,1,12,26,46.2,14,349,109,31.2,186,144,19,49,21,0,28,39,90,88,1,Matches
449,Japhet Tanganga\Japhet-Tanganga,eng ENG,DF,Tottenham,22-043,1999,3.5,1,1,1,0,0,0,1,0.0,1,36,12,33.3,23,9,4,7,3,0,4,1,2,12,0,Matches
450,Matt Targett\Matt-Targett,eng ENG,DF,Aston Villa,25-237,1995,33.8,89,51,49,26,14,49,90,54.4,41,371,115,31.0,194,113,64,70,15,0,55,37,126,111,1,Matches
451,James Tarkowski\James-Tarkowski,eng ENG,DF,Burnley,28-175,1992,33.0,69,38,58,8,3,29,50,58.0,21,225,93,41.3,151,65,9,64,41,2,23,49,118,218,1,Matches
452,Percy Tau\Percy-Tau,za RSA,FWMF,Brighton,27-000,1994,0.9,1,0,1,0,0,1,2,50.0,1,23,2,8.7,8,9,6,2,0,0,2,0,1,0,0,Matches
453,Sidnei Tavares\Sidnei-Tavares,pt POR,MF,Leicester City,19-226,2001,0.9,0,0,0,0,0,0,0,,0,19,7,36.8,8,9,2,1,1,0,0,1,1,0,0,Matches
454,Charlie Taylor\Charlie-Taylor,eng ENG,DF,Burnley,27-237,1993,24.0,43,23,23,12,8,21,44,47.7,23,203,61,30.0,83,86,34,62,16,0,46,25,68,84,1,Matches
455,Neil Taylor\Neil-Taylor,wal WAL,DF,Aston Villa,32-095,1989,0.2,1,0,1,0,0,0,0,,0,4,0,0.0,3,0,1,0,0,0,0,0,1,0,0,Matches
456,Allan Tchaptchet\Allan-Tchaptchet,fr FRA,DF,Southampton,19-143,2001,0.1,0,0,0,0,0,0,0,,0,1,0,0.0,1,0,0,0,0,0,0,0,0,0,0,Matches
457,Nathan Tella\Nathan-Tella,eng ENG,FWMF,Southampton,21-312,1999,6.8,8,4,1,3,4,4,12,33.3,8,182,44,24.2,28,92,62,11,0,0,11,8,16,5,0,Matches
458,Alex Telles\Alex-Telles,br BRA,DF,Manchester Utd,28-149,1992,6.7,11,6,9,2,0,4,9,44.4,5,57,20,35.1,29,18,10,11,1,0,10,9,20,24,0,Matches
459,Kenny Tete\Kenny-Tete,nl NED,DF,Fulham,25-216,1995,14.4,50,24,29,15,6,10,21,47.6,11,217,65,30.0,108,72,37,28,5,0,23,23,73,55,0,Matches
460,Luke Thomas\Luke-Thomas,eng ENG,DF,Leicester City,19-337,2001,8.8,15,5,6,2,7,6,9,66.7,3,148,42,28.4,58,57,33,24,3,0,21,10,25,24,0,Matches
461,Youri Tielemans\Youri-Tielemans,be BEL,MF,Leicester City,24-006,1997,35.3,67,49,25,29,13,24,86,27.9,62,466,161,34.5,146,231,89,52,9,0,43,35,102,25,0,Matches
462,Kieran Tierney\Kieran-Tierney,sco SCO,DF,Arsenal,23-342,1997,23.7,29,17,8,13,8,9,28,32.1,19,189,62,32.8,68,78,43,46,11,0,35,16,45,75,0,Matches
463,James Tomkins\James-Tomkins,eng ENG,DF,Crystal Palace,32-045,1989,4.3,4,2,3,1,0,3,4,75.0,1,25,6,24.0,20,5,0,4,1,0,3,2,6,37,0,Matches
464,Fikayo Tomori\Fikayo-Tomori,eng ENG,DF,Chelsea,23-145,1997,0.5,3,2,1,2,0,2,2,100.0,0,3,1,33.3,3,0,0,4,3,0,1,1,4,8,0,Matches
465,Ferrán Torres\Ferran-Torres,es ESP,FWMF,Manchester City,21-073,2000,13.2,12,5,5,4,3,6,20,30.0,14,199,57,28.6,36,84,79,17,1,0,16,6,18,5,0,Matches
466,Cenk Tosun\Cenk-Tosun,tr TUR,FW,Everton,29-340,1991,0.5,0,0,0,0,0,0,0,,0,8,1,12.5,2,4,2,0,0,0,0,0,0,0,0,Matches
467,Andros Townsend\Andros-Townsend,eng ENG,MFFW,Crystal Palace,29-301,1991,22.1,57,31,33,16,8,20,84,23.8,64,450,114,25.3,205,174,71,51,1,0,50,42,99,12,0,Matches
468,Conor Townsend\Conor-Townsend,eng ENG,DF,West Brom,28-070,1993,21.8,47,29,30,13,4,26,48,54.2,22,248,85,34.3,119,96,33,39,12,2,27,36,83,57,1,Matches
469,Adama Traoré\Adama-Traore,es ESP,FW,Wolves,25-108,1996,27.1,28,19,13,11,4,8,17,47.1,9,319,96,30.1,76,168,75,25,1,0,24,10,38,15,1,Matches
470,Bertrand Traoré\Bertrand-Traore,bf BFA,FW,Aston Villa,25-249,1995,22.5,24,9,8,7,9,9,37,24.3,28,344,63,18.3,95,138,111,22,0,0,22,22,46,16,0,Matches
471,Trézéguet\Trezeguet,eg EGY,FW,Aston Villa,26-224,1994,13.0,32,18,13,12,7,11,38,28.9,27,304,67,22.0,91,119,94,27,1,0,26,11,43,16,0,Matches
472,Leandro Trossard\Leandro-Trossard,be BEL,FWMF,Brighton,26-160,1994,26.9,27,20,7,16,4,6,31,19.4,25,392,121,30.9,100,162,130,38,4,0,34,21,48,4,0,Matches
473,Kostas Tsimikas\Kostas-Tsimikas,gr GRE,DF,Liverpool,25-001,1996,0.1,0,0,0,0,0,0,0,,0,4,3,75.0,0,2,2,0,0,0,0,0,0,0,0,Matches
474,Axel Tuanzebe\Axel-Tuanzebe,eng ENG,DF,Manchester Utd,23-180,1997,2.5,7,3,4,3,0,4,6,66.7,2,36,13,36.1,23,12,1,10,5,0,5,1,8,11,0,Matches
475,Cengiz Ünder\Cengiz-Under,tr TUR,MFFW,Leicester City,23-303,1997,3.1,3,3,0,2,1,1,5,20.0,4,44,15,34.1,11,18,15,5,0,0,5,3,6,0,0,Matches
476,Yan Valery\Yan-Valery,fr FRA,DFMF,Southampton,22-080,1999,1.1,3,2,1,2,0,0,4,0.0,4,32,9,28.1,13,11,8,5,0,0,5,3,6,5,0,Matches
477,Jamie Vardy\Jamie-Vardy,eng ENG,FW,Leicester City,34-122,1987,29.6,15,8,3,5,7,3,15,20.0,12,281,76,27.0,14,95,172,15,4,0,11,8,23,25,0,Matches
478,Joël Veltman\Joel-Veltman,nl NED,DF,Brighton,29-118,1992,25.3,77,41,47,22,8,33,63,52.4,30,312,92,29.5,141,122,49,35,4,0,31,35,112,84,0,Matches
479,Jannik Vestergaard\Jannik-Vestergaard,dk DEN,DF,Southampton,28-283,1992,25.6,53,31,35,15,3,28,50,56.0,22,190,73,38.4,127,55,8,36,18,0,18,31,84,141,0,Matches
480,Rúben Vinagre\Ruben-Vinagre,pt POR,DF,Wolves,22-034,1999,1.9,5,3,3,2,0,2,5,40.0,3,26,5,19.2,13,9,4,4,0,0,4,1,6,6,0,Matches
481,Carlos Vinícius\Carlos-Vinicius,br BRA,FW,Tottenham,26-049,1995,3.4,1,0,1,0,0,1,1,100.0,0,51,14,27.5,4,21,26,2,0,0,2,1,2,5,0,Matches
482,João Virgínia\Joao-Virginia,pt POR,GK,Everton,21-215,1999,0.5,0,0,0,0,0,0,0,,0,0,0,,0,0,0,0,0,0,0,0,0,0,0,Matches
483,Vitinha\Vitinha,pt POR,MFFW,Wolves,21-089,2000,5.0,8,5,2,5,1,0,7,0.0,7,104,33,31.7,25,62,17,2,0,0,2,3,11,1,0,Matches
484,Jake Vokins\Jake-Vokins,eng ENG,DF,Southampton,21-057,2000,0.7,0,0,0,0,0,0,1,0.0,1,10,2,20.0,6,4,0,0,0,0,0,0,0,1,0,Matches
485,Matěj Vydra\Matej-Vydra,cz CZE,FW,Burnley,29-012,1992,13.9,8,5,3,2,3,1,9,11.1,8,252,72,28.6,9,93,150,15,1,0,14,4,12,6,0,Matches
486,Theo Walcott\Theo-Walcott,eng ENG,FW,Everton,32-058,1989,0.1,0,0,0,0,0,0,0,,0,5,1,20.0,3,2,0,0,0,0,0,0,0,0,0,Matches
487,Theo Walcott\Theo-Walcott,eng ENG,MFFW,Southampton,32-058,1989,17.0,27,18,11,11,5,11,39,28.2,28,319,96,30.1,88,139,92,20,1,0,19,8,35,4,0,Matches
488,Kyle Walker\Kyle-Walker,eng ENG,DF,Manchester City,30-350,1990,19.6,35,26,17,14,4,18,32,56.3,14,214,68,31.8,76,103,35,27,5,0,22,14,49,32,0,Matches
489,Kyle Walker-Peters\Kyle-Walker-Peters,eng ENG,DF,Southampton,24-030,1997,26.7,78,42,55,20,3,25,55,45.5,30,380,117,30.8,205,136,39,61,13,0,48,38,116,64,1,Matches
490,Aaron Wan-Bissaka\Aaron-Wan-Bissaka,eng ENG,DF,Manchester Utd,23-168,1997,32.0,94,49,57,30,7,19,38,50.0,19,407,127,31.2,186,164,57,110,16,0,94,63,157,105,0,Matches
491,Joel Ward\Joel-Ward,eng ENG,DF,Crystal Palace,31-196,1989,22.1,42,26,31,11,0,17,34,50.0,17,304,85,28.0,170,94,40,46,9,0,37,47,89,96,1,Matches
492,James Ward-Prowse\James-Ward-Prowse,eng ENG,MF,Southampton,26-193,1994,35.0,76,53,32,37,7,28,70,40.0,42,547,179,32.7,190,281,76,68,4,0,64,41,117,70,0,Matches
493,Ollie Watkins\Ollie-Watkins,eng ENG,FW,Aston Villa,25-134,1995,34.0,34,21,5,18,11,10,29,34.5,19,579,158,27.3,34,226,319,17,2,0,15,9,43,21,0,Matches
494,Caleb Watts\Caleb-Watts,au AUS,MFFW,Southampton,19-117,2002,0.4,2,1,2,0,0,2,5,40.0,3,20,7,35.0,9,8,3,3,0,0,3,0,2,0,0,Matches
495,Adam Webster\Adam-Webster,eng ENG,DF,Brighton,26-129,1995,25.8,27,18,16,9,2,13,25,52.0,12,181,74,40.9,80,79,22,44,20,1,24,38,65,106,0,Matches
496,Danny Welbeck\Danny-Welbeck,eng ENG,FW,Brighton,30-168,1990,15.9,12,8,3,6,3,4,14,28.6,10,232,59,25.4,41,89,102,23,3,0,20,5,17,10,0,Matches
497,Timo Werner\Timo-Werner,de GER,FW,Chelsea,25-068,1996,26.9,25,15,8,12,5,9,41,22.0,32,360,105,29.2,66,146,148,24,1,0,23,6,31,4,0,Matches
498,Ashley Westwood\Ashley-Westwood,eng ENG,MF,Burnley,31-042,1990,34.9,23,12,8,12,3,5,36,13.9,31,440,118,26.8,134,243,63,46,10,0,36,45,68,46,0,Matches
499,Ben White\Ben-White,eng ENG,DFMF,Brighton,23-217,1997,32.5,52,31,26,22,4,22,60,36.7,38,370,124,33.5,169,167,34,59,20,0,39,40,92,67,1,Matches
500,Georginio Wijnaldum\Georginio-Wijnaldum,nl NED,MF,Liverpool,30-183,1990,30.0,28,22,9,14,5,9,34,26.5,25,386,139,36.0,108,197,81,33,3,0,30,18,46,21,1,Matches
501,Brandon Williams\Brandon-Williams,eng ENG,DF,Manchester Utd,20-252,2000,1.1,1,1,0,1,0,0,1,0.0,1,7,3,42.9,2,4,1,1,0,0,1,4,5,2,0,Matches
502,Neco Williams\Neco-Williams,wal WAL,DF,Liverpool,20-030,2001,2.8,6,5,4,2,0,3,8,37.5,5,42,11,26.2,17,16,9,8,1,0,7,5,11,4,0,Matches
503,Rhys Williams\Rhys-Williams,eng ENG,DF,Liverpool,20-099,2001,3.4,3,2,1,2,0,1,1,100.0,0,23,10,43.5,14,7,2,2,1,0,1,2,5,25,1,Matches
504,Willian\Willian,br BRA,FWMF,Arsenal,32-277,1988,15.6,16,6,8,7,1,7,25,28.0,18,193,49,25.4,44,77,72,22,0,0,22,12,28,4,0,Matches
505,Joe Willock\Joe-Willock,eng ENG,MF,Newcastle Utd,21-266,1999,7.9,24,18,16,6,2,9,39,23.1,30,251,51,20.3,101,97,53,21,3,0,18,24,48,13,0,Matches
506,Joe Willock\Joe-Willock,eng ENG,MF,Arsenal,21-266,1999,2.6,4,4,2,1,1,0,7,0.0,7,42,15,35.7,14,16,12,9,1,0,8,5,9,0,0,Matches
507,Callum Wilson\Callum-Wilson,eng ENG,FW,Newcastle Utd,29-075,1992,23.2,13,10,2,6,5,3,12,25.0,9,335,90,26.9,33,139,163,18,3,0,15,3,16,12,1,Matches
508,Harry Winks\Harry-Winks,eng ENG,MF,Tottenham,25-100,1996,7.5,16,10,10,6,0,7,18,38.9,11,123,40,32.5,55,56,12,11,4,0,7,12,28,10,0,Matches
509,Chris Wood\Chris-Wood,nz NZL,FW,Burnley,29-157,1991,27.7,14,9,2,3,9,5,15,33.3,10,315,81,25.7,18,119,178,25,3,0,22,5,19,18,0,Matches
510,Granit Xhaka\Granit-Xhaka,ch SUI,MFDF,Arsenal,28-228,1992,26.9,56,35,23,20,13,32,61,52.5,29,330,94,28.5,103,153,74,32,7,0,25,25,81,54,1,Matches
511,Andriy Yarmolenko\Andriy-Yarmolenko,ua UKR,FWMF,West Ham,31-202,1989,4.2,6,4,3,2,1,1,6,16.7,5,56,21,37.5,22,21,13,7,0,0,7,3,9,1,0,Matches
512,DeAndre Yedlin\DeAndre-Yedlin,us USA,DF,Newcastle Utd,27-308,1993,4.8,10,6,10,0,0,4,12,33.3,8,65,20,30.8,37,17,11,9,1,0,8,3,13,19,0,Matches
513,Okay Yokuşlu\Okay-Yokuslu,tr TUR,MF,West Brom,27-065,1994,11.9,41,28,21,18,2,13,32,40.6,19,235,77,32.8,102,112,21,19,1,0,18,31,72,30,0,Matches
514,Wilfried Zaha\Wilfried-Zaha,ci CIV,FW,Crystal Palace,28-184,1992,26.0,29,21,11,13,5,8,29,27.6,21,482,112,23.2,93,236,153,18,0,0,18,24,53,1,0,Matches
515,Andre-Frank Zambo Anguissa\Andre-Frank-Zambo-Anguissa,cm CMR,MF,Fulham,25-178,1995,26.6,82,50,27,42,13,22,55,40.0,33,511,148,29.0,155,252,104,44,7,0,37,47,129,33,1,Matches
516,Andi Zeqiri\Andi-Zeqiri,ch SUI,DFFW,Brighton,21-325,1999,1.5,3,3,0,2,1,0,1,0.0,1,31,9,29.0,8,13,10,2,1,0,1,0,3,1,0,Matches
517,Oleksandr Zinchenko\Oleksandr-Zinchenko,ua UKR,DF,Manchester City,24-149,1996,14.4,21,13,9,7,5,14,28,50.0,14,137,43,31.4,52,57,28,21,2,0,19,19,40,41,0,Matches
518,Hakim Ziyech\Hakim-Ziyech,ma MAR,FWMF,Chelsea,28-055,1993,12.7,10,7,4,4,2,5,20,25.0,15,221,61,27.6,47,90,84,14,1,0,13,9,19,1,0,Matches
519,Kurt Zouma\Kurt-Zouma,fr FRA,DF,Chelsea,26-198,1994,22.5,21,13,12,7,2,6,11,54.5,5,109,40,36.7,52,53,4,23,12,0,11,26,47,128,2,Matches
520,Martin Ødegaard\Martin-Odegaard,no NOR,MF,Arsenal,22-147,1998,8.4,5,3,0,4,1,2,9,22.2,7,161,38,23.6,32,73,56,2,0,0,2,5,10,5,0,Matches